BANK NAME,BRANCH NAME,SORT CODE
BANK OF GHANA,BANK OF GHANA ACCRA BRANCH,010101
BANK OF GHANA,BANK OF GHANA -AGONA SWEDRU BRANCH,010303
BANK OF GHANA,BANK OF GHANA -TAKORADI BRANCH,010401
BANK OF GHANA,BANK OF GHANA -SEFWI BOAKO BRANCH,010402
BANK OF GHANA,BANK OF GHANA -KUMASI BRANCH,010601
BANK OF GHANA,BANK OF GHANA -SUNYANI BRANCH,010701
BANK OF GHANA,BANK OF GHANA -TAMALE BRANCH,010801
BANK OF GHANA,BANK OF GHANA - HOHOE BRANCH,011101
STANDARD CHARTERED BANK,STANDARD CHARTERED BANK(GH) LTD-HIGH STREET BRANCH,020101
STANDARD CHARTERED BANK,STANDARD CHARTERED BANK(GH) LTD- INDEPENDENCE AVENUE BRANCH,020102
STANDARD CHARTERED BANK,STANDARD CHARTERED BANK(GH) LTD-LIBERIA ROAD BRANCH,020104
STANDARD CHARTERED BANK,STANDARD CHARTERED BANK(GH) LTD-OPEIBEA HOUSE BRANCH,020105
STANDARD CHARTERED BANK,STANDARD CHARTERED BANK(GH) LTD-TEMA BRANCH,020106
STANDARD CHARTERED BANK,STANDARD CHARTERED BANK(GH) LTD-LEGON BRANCH,020108
STANDARD CHARTERED BANK,STANDARD CHARTERED BANK(GH) LTD-OSU BRANCH,020112
STANDARD CHARTERED BANK,STANDARD CHARTERED BANK(GH) LTD-SPINTEX BRANCH,020118
STANDARD CHARTERED BANK,STANDARD CHARTERED BANK(GH) LTD-DANSOMAN BRANCH,020121
STANDARD CHARTERED BANK,STANDARD CHARTERED BANK(GH) LTD-ABEKA BRANCH,020126
STANDARD CHARTERED BANK,STANDARD CHARTERED BANK(GH)-ACHIMOTA BRANCH,020127
STANDARD CHARTERED BANK,STANDARD CHARTERED BANK(GH) LTD- NIA BRANCH,020129
STANDARD CHARTERED BANK,STANDARD CHARTERED BANK(GH) LTD- TEMA HABOUR BRANCH,020132
STANDARD CHARTERED BANK,STANDARD CHARTERED BANK(GH) LTD- WESTHILLS BRANCH,020133
STANDARD CHARTERED BANK,STANDARD CHARTERED BANK(GH) LTD-LIBERIA ROAD TAKORADI BRANCH,020436
STANDARD CHARTERED BANK,STANDARD CHARTERED BANK(GH) LTD- KNUST BRANCH,020611
STANDARD CHARTERED BANK,STANDARD CHARTERED BANK(GH) LTD-AHODWO BRANCH,020613
STANDARD CHARTERED BANK,STANDARD CHARTERED BANK(GH) LTD-HARPER ROAD BRANCH,020615
STANDARD CHARTERED BANK,STANDARD CHARTERED BANK(GH) LTD-OBUASI BRANCH,020617
STANDARD CHARTERED BANK,STANDARD CHARTERED BANK(GH) LTD-TAMALE BRANCH,020823
ABSA (GH) LTD,ABSA (GH) LTD-KASOA BRANCH,030101
ABSA (GH) LTD,ABSA(GH) LTD-A AND C MALL BRANCH,030104
ABSA (GH) LTD,ABSA (GH) LTD-ACCRA MALL BRANCH,030105
ABSA (GH) LTD,ABSA (GH) LTD-ABEKA LAPAZ BRANCH,030106
ABSA (GH) LTD,ABSA (GH) LTD-DANSOMAN BRANCH,030107
ABSA (GH) LTD,ABSA(GH) LTD-GNPC BRANCH,030108
ABSA (GH) LTD,ABSA (GH) LTD-NIMA BRANCH,030109
ABSA (GH) LTD,ABSA (GH) LTD-LEGON BRANCH,030110
ABSA (GH) LTD,ABSA(GH) LTD-ACHIMOTA BRANCH,030111
ABSA (GH) LTD,ABSA (GH) LTD-OSU BRANCH,030112
ABSA (GH) LTD,ABSA (GH) LTD-RING ROAD CENTRAL BRANCH,030114
ABSA (GH) LTD,ABSA(GH) LTD -BCM BRANCH,030116
ABSA (GH) LTD,ABSA (GH) LTD-MOTORWAY EXT BRANCH,030117
ABSA (GH) LTD,ABSA(GH) LTD-SPINTEX MAIN BRANCH,030121
ABSA (GH) LTD,ABSA (GH) LTD-KNUTSFORD AVENUE BRANCH,030122
ABSA (GH) LTD,ABSA (GH) LTD-LEGON MAIN BRANCH,030125
ABSA (GH) LTD,ABSA (GH) LTD-TEMA FISHING HARBOUR BRANCH,030130
ABSA (GH) LTD,ABSA (GH) LTD-MAKOLA SQUARE BRANCH,030135
ABSA (GH) LTD,ABSA (GH) LTD-AIRPORT CITY BRANCH,030136
ABSA (GH) LTD,ABSA (GH) LTD-CIRCLE BRANCH,030141
ABSA (GH) LTD,ABSA (GH)LTD-ACCRA CORPORATE SERVICE CENTER BRANCH,030144
ABSA (GH) LTD,ABSA(GH) LTD-SPINTEX PRESTIGE BRANCH,030145
ABSA (GH) LTD,ABSA (GH) LTD-HIGH STREET BRANCH,030148
ABSA (GH) LTD,ABSA(GH) LTD-DIRECT SALES BRANCH,030149
ABSA (GH) LTD,ABSA (GH) LTD-AVENUE CENTRAL BRANCH,030154
ABSA (GH) LTD,ABSA(GH) LTD - UNDP BRANCH,030155
ABSA (GH) LTD,ABSA (GH) LTD-TEMA MAIN BRANCH,030160
ABSA (GH) LTD,ABSA(GH) LTD - SME CENTRE BRANCH,030161
ABSA (GH) LTD,ABSA(GH) LTD - AGBOBLOSHIE BRANCH,030162
ABSA (GH) LTD,ABSA(GH) LTD - MADINA BRANCH,030163
ABSA (GH) LTD,ABSA (GH) LTD-HEAD OFFICE BRANCH,030164
ABSA (GH) LTD,ABSA(GH) LTD - TESHIE NUNGUA BRANCH,030168
ABSA (GH) LTD,ABSA(GH) LTD - ACCRA NEWTOWN BRANCH,030169
ABSA (GH) LTD,ABSA(GH) LTD - DOME BRANCH,030170
ABSA (GH) LTD,ABSA (GH) LTD-DARKUMAN BRANCH,030173
ABSA (GH) LTD,ABSA (GH) LTD-INDEPENDENCE AVENUE BRANCH,030175
ABSA (GH) LTD,ABSA(GH) LTD - WEIJA BRANCH,030179
ABSA (GH) LTD,ABSA (GH) LTD-ASHAIMAN BRANCH,030184
ABSA (GH) LTD,ABSA(GH) LTD- HAATSO BRANCH,030185
ABSA (GH) LTD,ABSA (GH) LTD-KANESHIE BRANCH,030187
ABSA (GH) LTD,ABSA(GH) LTD - TEMA OIL REFINERY BRANCH,030189
ABSA (GH) LTD,ABSA (GH) LTD-NORTH KANESHIE BRANCH,030190
ABSA (GH) LTD,ABSA (GH) LTD-MAAMOBI BRANCH,030191
ABSA (GH) LTD,ABSA(GH) LTD- OFFSHORE BANKING,030192
ABSA (GH) LTD,ABSA (GH) LTD-MATAHEKO BRANCH,030193
ABSA (GH) LTD,ABSA(GH) LTD -ADENTA BRANCH,030194
ABSA (GH) LTD,ABSA(GH) LTD - ABOSSEY OKAI BRANCH,030195
ABSA (GH) LTD,ABSA(GH) LTD -KOTOBABI BRANCH,030196
ABSA (GH) LTD,ABSA(GH) LTD -PALM WINE JUNCTION BRANCH,030197
ABSA (GH) LTD,ABSA (GH) LTD-KOFORIDUA BRANCH,030242
ABSA (GH) LTD,ABSA(GH) LTD -NKAWKAW BRANCH,030243
ABSA (GH) LTD,ABSA (GH) LTD-ODA BRANCH,030246
ABSA (GH) LTD,ABSA (GH) LTD-NSAWAM BRANCH,030247
ABSA (GH) LTD,ABSA(GH) LTD - SOMANYA BRANCH,030286
ABSA (GH) LTD,ABSA(GH) LTD  - SWEDRU BRANCH,030320
ABSA (GH) LTD,ABSA (GH) LTD-CAPE COAST BRANCH,030337
ABSA (GH) LTD,ABSA (GH) LTD-OBUASI BRANCH,030338
ABSA (GH) LTD,ABSA(GH) LTD - WINNEBA BRANCH,030365
ABSA (GH) LTD,ABSA(GH) LTD - MANKESSIM BRANCH,030367
ABSA (GH) LTD,ABSA(GH) LTD -TWIFO PRASO BRANCH,030399
ABSA (GH) LTD,ABSA (GH) LTD-HIGH STREET-TAKORADI BRANCH,030431
ABSA (GH) LTD,ABSA (GH) LTD-LIBERATION ROAD-TAKORADI BRANCH,030432
ABSA (GH) LTD,ABSA (GH) LTD-TARKWA BRANCH,030434
ABSA (GH) LTD,ABSA (GH) LTD-TARKWA MINES BRANCH,030451
ABSA (GH) LTD,ABSA (GH) LTD-ASANKRAGUA BRANCH,030452
ABSA (GH) LTD,ABSA(GH) LTD - TAKORADI KOKOMPE BRANCH,030456
ABSA (GH) LTD,ABSA(GH) LTD -ELUBO BRANCH,030498
ABSA (GH) LTD,ABSA (GH) LTD-HO BRANCH,030539
ABSA (GH) LTD,ABSA(GH) LTD -HOHOE BRANCH,030540
ABSA (GH) LTD,ABSA(GH) LTD - AFLAO BRANCH,030572
ABSA (GH) LTD,ABSA (GH) LTD-ASAFO BRANCH,030623
ABSA (GH) LTD,ABSA (GH) LTD-PREMPEH II STREET,030627
ABSA (GH) LTD,ABSA (GH) LTD-KEJETIA- KUMASI BRANCH,030628
ABSA (GH) LTD,ABSA(GH) LTD -NEW SUAME MAGAZINE BRANCH,030653
ABSA (GH) LTD,ABSA(GH) LTD - OLD SUAME MAGAZINE BRANCH,030657
ABSA (GH) LTD,ABSA(GH) LTD - AGOGO BRANCH,030658
ABSA (GH) LTD,ABSA(GH) LTD - ADUM BRANCH,030666
ABSA (GH) LTD,ABSA(GH) LTD - BANTAMA BRANCH,030674
ABSA (GH) LTD,ABSA(GH) LTD - SEFWI-WIASO BRANCH,030676
ABSA (GH) LTD,ABSA(GH) LTD - KONONGO BRANCH,030677
ABSA (GH) LTD,ABSA (GH) LTD-KROFOM BRANCH,030680
ABSA (GH) LTD,ABSA (GH) LTD-TANOSO BRANCH,030681
ABSA (GH) LTD,ABSA(GH) LTD- TAFO BRANCH,030682
ABSA (GH) LTD,ABSA (GH) LTD-AHODWO BRANCH,030683
ABSA (GH) LTD,ABSA (GH) LTD-TECHIMAN BRANCH,030718
ABSA (GH) LTD,ABSA(GH) LTD - BEREKUM BRANCH,030724
ABSA (GH) LTD,ABSA (GH) LTD-SUNYANI BRANCH,030750
ABSA (GH) LTD,ABSA(GH) LTD - GOASO BRANCH,030759
ABSA (GH) LTD,ABSA(GH) LTD - ATEBUBU BRANCH,030778
ABSA (GH) LTD,ABSA (GH) LTD-TAMALE BRANCH,030833
ABSA (GH) LTD,ABSA(GH) LTD -GUMANI BRANCH,030871
ABSA (GH) LTD,ABSA (GH) LTD-BOLGATANGA BRANCH,030919
ABSA (GH) LTD,ABSA (GH) LTD-BAWKU BRANCH,030926
ABSA (GH) LTD,ABSA(GH) LTD - WA BRANCH,031088
GCB BANK LTD,GCB BANK LTD - WA BRANCH,040001
GCB BANK LTD,GCB BANK LTD - TUMU BRANCH,040002
GCB BANK LTD,GCB BANK LTD - LAWRA BRANCH,040003
GCB BANK LTD,GCB BANK LTD - BOLE BRANCH,040004
GCB BANK LTD,GCB BANK LTD-HIGH STREET BRANCH,040101
GCB BANK LTD,GCB BANK LTD -BURMA CAMP BRANCH,040102
GCB BANK LTD,GCB BANK LTD -LEGON BRANCH,040103
GCB BANK LTD,GCB BANK LTD-MINISTRIES BRANCH,040105
GCB BANK LTD,GCB BANK LTD - REPUBLIC HOUSE BRANCH,040106
GCB BANK LTD,GCB BANK LTD-TEMA MAIN BRANCH,040107
GCB BANK LTD,GCB BANK LTD-TEMA MARKET BRANCH,040108
GCB BANK LTD,GCB BANK LTD-TEMA INDUSTRIAL AREA BRANCH,040109
GCB BANK LTD,GCB BANK LTD-TEMA FISHING HARBOUR BRANCH,040110
GCB BANK LTD,GCB BANK LTD - RING ROAD WEST BRANCH,040111
GCB BANK LTD,GCB BANK LTD-KANESHIE MARKET BRANCH,040112
GCB BANK LTD,GCB BANK LTD-KORLEBU BRANCH,040113
GCB BANK LTD,GCB BANK LTD-OSU BRANCH,040114
GCB BANK LTD,GCB BANK LTD-DERBY AVENUE BRANCH,040115
GCB BANK LTD,GCB BANK LTD -BOUNDARY ROAD BRANCH,040116
GCB BANK LTD,GCB BANK LTD-LIBERTY HOUSE BRANCH,040117
GCB BANK LTD,GCB BANK LTD-ACCRA NEW TOWN BRANCH,040118
GCB BANK LTD,GCB BANK LTD-TRADE FAIR SITE BRANCH,040119
GCB BANK LTD,GCB BANK LTD-KANESHIE INDUSTRIAL AREA BRANCH,040120
GCB BANK LTD,GCB BANK LTD-ASHAIMAN BRANCH,040121
GCB BANK LTD,GCB BANK LTD-MADINA BRANCH,040123
GCB BANK LTD,GCB BANK LTD - 31ST DECEMBER MARKET BRANCH,040124
GCB BANK LTD,GCB BANK LTD -TETTEH QUARSHIE CIRCLE BRANCH,040126
GCB BANK LTD,GCB BANK LTD -KWAME NKRUMAH CIRCLE BRANCH,040127
GCB BANK LTD,GCB LTD-INTERNATIONAL TRADE FINANCE BRANCH,040128
GCB BANK LTD,GCB BANK LTD-GLOBAL TRANSFER SERVICES BRANCH,040129
GCB BANK LTD,GCB BANK LTD-TANTRA HILL BRANCH,040130
GCB BANK LTD,GCB BANK LTD - KASOA BRANCH,040131
GCB BANK LTD,GCB BANK LTD -DOME (KWABENYA) BRANCH,040132
GCB BANK LTD,GCB BANK LTD - ABLENKPE BRANCH,040133
GCB BANK LTD,GCB BANK LTD - KASOA MAIN BRANCH,040134
GCB BANK LTD,GCB BANK LTD-SAFEBOUND (JUBILEE) TEMA BRANCH,040135
GCB BANK LTD,GCB BANK LTD - KISSEIMAN BRANCH,040136
GCB BANK LTD,GCB BANK LTD - SPINTEX ROAD BRANCH,040138
GCB BANK LTD,GCB BANK LTD-ACCRA NORTH CIRCLE BRANCH,040139
GCB BANK LTD,GCB BANK LTD - DANSOMAN BRANCH,040146
GCB BANK LTD,GCB BANK LTD - ADENTA MARKET BRANCH,040147
GCB BANK LTD,GCB BANK LTD - NIMA BRANCH,040148
GCB BANK LTD,GCB BANK LTD - NUNGUA BRANCH,040149
GCB BANK LTD,GCB BANK LTD - ABEKA LAPAZ BRANCH,040150
GCB BANK LTD,GCB BANK LTD - HAATSO BRANCH,040162
GCB BANK LTD,GCB BANK LTD - AMASAMAN BRANCH,040163
GCB BANK LTD,GCB BANK LTD - ADJIRIGANO BRANCH,040164
GCB BANK LTD,GCB BANK LTD - WEIJA BRANCH,040165
GCB BANK LTD,GCB BANK LTD - KATAMANTO BRANCH,040166
GCB BANK LTD,GCB BANK LTD - ADABRAKA BRANCH,040167
GCB BANK LTD,GCB BANK LTD - AIRPORT CITY BRANCH,040168
GCB BANK LTD,GCB BANK LTD - EAST LEGON BRANCH,040169
GCB BANK LTD,GCB BANK LTD - TEMA COMMUNITY 2 BRANCH,040170
GCB BANK LTD,GCB BANK LTD - GCB BANK LTD - OKAISHIE BRANCH,040171
GCB BANK LTD,GCB BANK LTD - CENTRAL UNIVERSITY COLLEGE BRANCH,040172
GCB BANK LTD,GCB BANK LTD - LABONE BRANCH,040173
GCB BANK LTD,GCB BANK LTD - ACHIMOTA BRANCH,040174
GCB BANK LTD,GCB BANK LTD - A&C MALL BRANCH,040175
GCB BANK LTD,GCB BANK LTD - TESANO BRANCH,040176
GCB BANK LTD,GCB BANK LTD - ABOSSEY OKAI BRANCH,040177
GCB BANK LTD,GCB BANK LTD - MANDELA PARK BRANCH,040178
GCB BANK LTD,GCB BANK LTD - OSU OXFORD STREET BRANCH,040179
GCB BANK LTD,GCB BANK LTD - MARTEY TSURU BRANCH,040180
GCB BANK LTD,GCB BANK LTD - TEMA COMMUNITY 1 BRANCH,040181
GCB BANK LTD,GCB BANK LTD - MADINA ZONGO JUNCTION BRANCH,040182
GCB BANK LTD,GCB BANK LTD - DZORWULU BRANCH BRANCH,040183
GCB BANK LTD,GCB BANK LTD -AIRPORT TERMINAL 3 BRANCH,040184
GCB BANK LTD,GCB BANK LTD-HEAD OFFICE BRANCH,040199
GCB BANK LTD,GCB BANK LTD - KOFORIDUA BRANCH,040201
GCB BANK LTD,GCB BANK LTD - AKIM ODA BRANCH,040202
GCB BANK LTD,GCB BANK LTD -KADE BRANCH,040203
GCB BANK LTD,GCB BANK  LTD - NEW TAFO BRANCH,040205
GCB BANK LTD,GCB BANK LTD- NKAWKAW BRANCH,040206
GCB BANK LTD,GCB BANK LTD -  SOMANYA BRANCH,040207
GCB BANK LTD,GCB BANK LTD - ASAMANKESE BRANCH,040208
GCB BANK LTD,GCB BANK LTD - AKROPONG AKWAPIM BRANCH,040209
GCB BANK LTD,GCB BANK  LTD - MAMPONG AKWAPIM BRANCH,040210
GCB BANK LTD,GCB BANK LTD - ANYIMAN BRANCH,040212
GCB BANK LTD,GCB BANK LTD - ADA FOAH BRANCH,040213
GCB BANK LTD,GCB BANK LTD - SUHUM BRANCH,040214
GCB BANK LTD,GCB BANK LTD - NSAWAM BRANCH,040216
GCB BANK LTD,GCB BANK LTD - KIBI BRANCH,040217
GCB BANK LTD,GCB BANK LTD - AKOSOMBO BRANCH,040218
GCB BANK LTD,GCB BANK LTD - MPRAESO BRANCH,040219
GCB BANK LTD,GCB BANK LTD - AKUSE BRANCH,040220
GCB BANK LTD,GCB BANK LTD - DONKORKROM BRANCH,040221
GCB BANK LTD,GCB BANK LTD - ABURI BRANCH,040222
GCB BANK LTD,GCB BANK LTD - KOFORIDUA CENTRAL GCB BANK LTD BRANCH,040224
GCB BANK LTD,GCB BANK LTD-CAPE COAST MAIN BRANCH,040301
GCB BANK LTD,GCB BANK LTD-UNIVERSITY OF CAPE COAST BRANCH,040302
GCB BANK LTD,GCB BANK LTD - AGONA SWEDRU BRANCH,040303
GCB BANK LTD,GCB BANK LTD - ASSIN FOSU BRANCH,040304
GCB BANK LTD,GCB BANK LTD-WINNEBA BRANCH,040305
GCB BANK LTD,GCB BANK LTD - BREMAN ASIKUMA BRANCH,040306
GCB BANK LTD,GCB BANK LTD - ABURA DUNKWA BRANCH,040307
GCB BANK LTD,GCB BANK LTD - SALTPOND BRANCH,040308
GCB BANK LTD,GCB BANK LTD - MANKESSIM BRANCH,040309
GCB BANK LTD,GCB BANK LTD - TWIFO PRASO BRANCH,040310
GCB BANK LTD,GCB BANK LTD - ELMINA BRANCH,040315
GCB BANK LTD,GCB BANK LTD - CORONATION JUNCTION BRANCH,040317
GCB BANK LTD,GCB BANK LTD-TAKORADI MAIN BRANCH,040401
GCB BANK LTD,GCB BANK LTD-TAKORADI HARBOUR BRANCH,040402
GCB BANK LTD,GCB BANK LTD-TAKORADI MARKET CIRCLE BRANCH,040403
GCB BANK LTD,GCB BANK LTD-SEKONDI BRANCH,040404
GCB BANK LTD,GCB BANK LTD-TARKWA BRANCH,040405
GCB BANK LTD,GCB BANK LTD-SAMREBOI BRANCH,040406
GCB BANK LTD,GCB BANK LTD - ENCHI BRANCH,040407
GCB BANK LTD,GCB BANK LTD - AXIM BRANCH,040408
GCB BANK LTD,GCB BANK LTD - HALFASSINI BRANCH,040409
GCB BANK LTD,GCB BANK LTD - DUNKWA-ON-OFFIN BRANCH,040410
GCB BANK LTD,GCB BANK LTD - SEFWI WIAWSO,040412
GCB BANK LTD,GCB BANK LTD - DADIESO BRANCH,040413
GCB BANK LTD,GCB BANK LTD - BOGOSO BRANCH,040414
GCB BANK LTD,GCB BANK LTD-ELUBO BRANCH,040415
GCB BANK LTD,GCB BANK LTD - PRESTEA BRANCH,040471
GCB BANK LTD,GCB BANK LTD -HO BRANCH,040501
GCB BANK LTD,GCB BANK LTD - AFLAO BRANCH,040502
GCB BANK LTD,GCB BANK LTD -DZODZE BRANCH,040503
GCB BANK LTD,GCB BANK LTD -JASIKAN BRANCH,040504
GCB BANK LTD,GCB BANK LTD - KADJEBI BRANCH,040506
GCB BANK LTD,GCB BANK LTD - KETA BRANCH,040507
GCB BANK LTD,GCB BANK LTD - KETEKRACHI BRANCH,040508
GCB BANK LTD,GCB BANK LTD - KPANDO BRANCH,040509
GCB BANK LTD,GCB BANK LTD - HOHOE BRANCH,040511
GCB BANK LTD,GCB BANK LTD - SOGAKOPE BRANCH,040512
GCB BANK LTD,GCB BANK LTD - PEKI BRANCH,040514
GCB BANK LTD,GCB BANK LTD - ABOR BRANCH,040515
GCB BANK LTD,GCB BANK LTD - AKATSI BRANCH,040517
GCB BANK LTD,GCB BANK LTD - NKWANTA BRANCH,040523
GCB BANK LTD,GCB BANK LTD - HO MARKET BRANCH,040526
GCB BANK LTD,GCB BANK LTD - DAMBAI BRANCH,040527
GCB BANK LTD,GCB BANK LTD - HO POLYTECHNIC BRANCH,040530
GCB BANK LTD,GCB BANK LTD - CENTRAL PROCESSING CENTRE,040555
GCB BANK LTD,GCB BANK LTD-KUMASI MAIN BRANCH,040601
GCB BANK LTD,GCB BANK LTD-ASAFO MARKET BRANCH,040602
GCB BANK LTD,GCB BANK LTD - KNUST KUMASI BRANCH,040603
GCB BANK LTD,GCB BANK LTD - KEJETIA BRANCH,040604
GCB BANK LTD,GCB BANK LTD - KONONGO BRANCH,040605
GCB BANK LTD,GCB BANK LTD - MAMPONG ASHANTI BRANCH,040607
GCB BANK LTD,GCB BANK LTD - BEKWAI BRANCH,040609
GCB BANK LTD,GCB BANK LTD - EFFIDUASE ASHANTI BRANCH,040610
GCB BANK LTD,GCB BANK LTD - OBUASI BRANCH,040611
GCB BANK LTD,GCB  BANK LTD -EJISU BRANCH,040612
GCB BANK LTD,GCB BANK LTD - NEW OFFINSO,040613
GCB BANK LTD,GCB BANK LTD - EJURA BRANCH,040614
GCB BANK LTD,GCB BANK LTD -TEPA BRANCH,040615
GCB BANK LTD,GCB  BANK LTD - AKUMADAN BRANCH,040616
GCB BANK LTD,GCB  BANK LTD - JUASO BRANCH,040617
GCB BANK LTD,GCB BANK LTD - NEW EDUBIASE BRANCH,040618
GCB BANK LTD,GCB BANK LTD - AHINSAN KUMASI BRANCH,040619
GCB BANK LTD,GCB BANK LTD - AGONA ASHANTI BRANCH,040620
GCB BANK LTD,GCB BANK LTD -JUBILEE HOUSE BRANCH,040621
GCB BANK LTD,GCB BANK LTD - AGOGO BRANCH,040622
GCB BANK LTD,GCB BANK LTD - NKAWIE BRANCH,040623
GCB BANK LTD,GCB LTD - HARPER ROAD KUMASI BRANCH,040625
GCB BANK LTD,GCB BANK LTD - BANTAMA BRANCH,040627
GCB BANK LTD,GCB BANK LTD -TECH JUNCTION KUMASI BRANCH,040628
GCB BANK LTD,GCB BANK LTD - MAGAZINE BRANCH,040629
GCB BANK LTD,GCB BANK LTD - SUAME BRANCH,040630
GCB BANK LTD,GCB BANK LTD - SOFOLINE BRANCH,040631
GCB BANK LTD,GCB BANK LTD - SUNYANI BRANCH,040701
GCB BANK LTD,GCB BANK LTD - BECHEM BRANCH,040702
GCB BANK LTD,GCB BANK LTD - BEREKUM BRANCH,040703
GCB BANK LTD,GCB BANK LTD - DORMAA AHENKRO BRANCH,040704
GCB BANK LTD,GCB BANK LTD - DUAYAWNKWANTA BRANCH,040705
GCB BANK LTD,GCB BANK LTD - HWIDIEM BRANCH,040706
GCB BANK LTD,GCB  BANK LTD - GOASO BRANCH,040707
GCB BANK LTD,GCB BANK LTD - MIM BRANCH,040709
GCB BANK LTD,GCB BANK LTD - JAPEKROM BRANCH,040710
GCB BANK LTD,GCB BANK LTD - WENCHI BRANCH,040711
GCB BANK LTD,GCB BANK LTD - KINTAMPO BRANCH,040712
GCB BANK LTD,GCB BANK LTD - NKORANZA BRANCH,040713
GCB BANK LTD,GCB BANK LTD -TECHIMAN BRANCH,040715
GCB BANK LTD,GCB BANK LTD - SANKORE BRANCH,040717
GCB BANK LTD,GCB BANK LTD -SAMPA BRANCH,040723
GCB BANK LTD,GCB BANK LTD -TECHIMAN MARKET BRANCH,040724
GCB BANK LTD,GCB BANK LTD - SUNYANI MARKET BRANCH,040725
GCB BANK LTD,GCB BANK LTD -TAMALE MAIN BRANCH,040801
GCB BANK LTD,GCB BANK LTD -YENDI BRANCH,040802
GCB BANK LTD,GCB BANK LTD - DAMONGO BRANCH,040803
GCB BANK LTD,GCB BANK LTD - SALAGA BRANCH,040804
GCB BANK LTD,GCB BANK LTD -TAMALE MARKET BRANCH,040805
GCB BANK LTD,GCB BANK LTD - BIMBILA BRANCH,040806
GCB BANK LTD,GCB BANK LTD - YEJI BRANCH,040807
GCB BANK LTD,GCB BANK LTD -TAMALE HOSPITAL ROAD BRANCH,040809
GCB BANK LTD,GCB BANK LTD - SABOBA BRANCH,040810
GCB BANK LTD,GCB BANK LTD - ABOABO BRANCH,040812
GCB BANK LTD,GCB BANK LTD - BOLGATANGA  BRANCH,040901
GCB BANK LTD,GCB BANK LTD - NAVRONGO BRANCH,040902
GCB BANK LTD,GCB BANK LTD -BAWKU BRANCH,040903
GCB BANK LTD,GCB BANK LTD - WALEWALE BRANCH,040906
NATIONAL INVESTMENT BANK (NIB),NATIONAL INVESTMENT BANK,050100
NATIONAL INVESTMENT BANK (NIB),NATIONAL INVESTMENT BANK-ACCRA MAIN BRANCH,050101
NATIONAL INVESTMENT BANK (NIB),NATIONAL INVESTMENT BANK-TEMA MAIN BRANCH,050109
NATIONAL INVESTMENT BANK (NIB),NATIONAL INVESTMENT BANK-OSU BRANCH,050111
NATIONAL INVESTMENT BANK (NIB),NATIONAL INVESTMENT BANK-FOREIGN BRANCH,050112
NATIONAL INVESTMENT BANK (NIB),NATIONAL INVESTMENT BANK-TEMA HABOUR AREA(AFKO) BRANCH,050113
NATIONAL INVESTMENT BANK (NIB),NATIONAL INVESTMENT BANK-ABEKA BRANCH,050117
NATIONAL INVESTMENT BANK (NIB),NATIONAL INVESTMENT BANK-ADENTA BRANCH,050122
NATIONAL INVESTMENT BANK (NIB),NATIONAL INVESTMENT BANK-SPINTEX BRANCH,050123
NATIONAL INVESTMENT BANK (NIB),NATIONAL INVESTMENT BANK-WINNEBA ROAD BRANCH,050124
NATIONAL INVESTMENT BANK (NIB),NATIONAL INVESTMENT BANK-NORTH INDUSTRIAL AREA BRANCH,050128
NATIONAL INVESTMENT BANK (NIB),NATIONAL INVESTMENT BANK-TEMA COMMUNITY 9 BRANCH,050129
NATIONAL INVESTMENT BANK (NIB),NATIONAL INVESTMENT BANK-HEAD OFFICE BRANCH,050131
NATIONAL INVESTMENT BANK (NIB),NATIONAL INVESTMENT BANK-DANSOMAN BRANCH,050132
NATIONAL INVESTMENT BANK (NIB),NATIONAL INVESTMENT BANK - ASHAIMAN BRANCH,050134
NATIONAL INVESTMENT BANK (NIB),NATIONAL INVESTMENT BANK- AIRPORT CITY BRANCH,050135
NATIONAL INVESTMENT BANK (NIB),NATIONAL INVESTMENT BANK-EAST LEGON BRANCH,050136
NATIONAL INVESTMENT BANK (NIB),NATIONAL INVESTMENT BANK- LAW COURT COMPLEX BRANCH,050138
NATIONAL INVESTMENT BANK (NIB),NATIONAL INVESTMENT BANK - PARLIAMENT HOUSE BRANCH,050139
NATIONAL INVESTMENT BANK (NIB),NATIONAL INVESTMENT BANK - MADINA BRANCH,050146
NATIONAL INVESTMENT BANK (NIB),NATIONAL INVESTMENT BANK-MAKOLA  BRANCH,050147
NATIONAL INVESTMENT BANK (NIB),NATIONAL INVESTMENT BANK-ACCRA NEW TOWN BRANCH,050149
NATIONAL INVESTMENT BANK (NIB),NATIONAL INVESTMENT BANK-ACHIMOTA BRANCH,050152
NATIONAL INVESTMENT BANK (NIB),NATIONAL INVESTMENT BANK-KOFORIDUA BRANCH,050204
NATIONAL INVESTMENT BANK (NIB),NATIONAL INVESTMENT BANK-AKIM ODA BRANCH,050218
NATIONAL INVESTMENT BANK (NIB),NATIONAL INVESTMENT BANK-CAPE COAST BRANCH,050310
NATIONAL INVESTMENT BANK (NIB),NATIONAL INVESTMENT BANK-DUNKWA ON-OFFIN BRANCH,050327
NATIONAL INVESTMENT BANK (NIB),NATIONAL INVESTMENT BANK-SWEDRU BRANCH,050337
NATIONAL INVESTMENT BANK (NIB),NATIONAL INVESTMENT BANK-KASOA BRANCH,050351
NATIONAL INVESTMENT BANK (NIB),NATIONAL INVESTMENT BANK-TAKORADI BRANCH,050407
NATIONAL INVESTMENT BANK (NIB),NATIONAL INVESTMENT BANK - TARKWA BRANCH,050434
NATIONAL INVESTMENT BANK (NIB),NATIONAL INVESTMENT BANK-HO BRANCH,050503
NATIONAL INVESTMENT BANK (NIB),NATIONAL INVESTMENT BANK - HOHOE BRANCH,050535
NATIONAL INVESTMENT BANK (NIB),NATIONAL INVESTMENT BANK - NKWANTA BRANCH,050541
NATIONAL INVESTMENT BANK (NIB),NATIONAL INVESTMENT BANK-KUMASI BRANCH,050605
NATIONAL INVESTMENT BANK (NIB),NATIONAL INVESTMENT BANK-KUMASI CENTRAL BRANCH,050619
NATIONAL INVESTMENT BANK (NIB),NATIONAL INVESTMENT BANK-OBUASI BRANCH,050621
NATIONAL INVESTMENT BANK (NIB),NATIONAL INVESTMENT BANK - ASOKWA BRANCH,050632
NATIONAL INVESTMENT BANK (NIB),NATIONAL INVESTMENT BANK - ASHANTI MAMPONG BRANCH,050643
NATIONAL INVESTMENT BANK (NIB),NATIONAL INVESTMENT BANK - SUAME BRANCH,050645
NATIONAL INVESTMENT BANK (NIB),NATIONAL INVESTMENT BANK - KUMASI CITY MALL BRANCH,050648
NATIONAL INVESTMENT BANK (NIB),NATIONAL INVESTMENT BANK-TANOSO BRANCH,050650
NATIONAL INVESTMENT BANK (NIB),NATIONAL INVESTMENT BANK-SUNYANI BRANCH,050706
NATIONAL INVESTMENT BANK (NIB),NATIONAL INVESTMENT BANK-TECHIMAN BRANCH,050715
NATIONAL INVESTMENT BANK (NIB),NATIONAL INVESTMENT BANK-WENCHI BRANCH,050725
NATIONAL INVESTMENT BANK (NIB),NATIONAL INVESTMENT BANK-KINTAMPO BRANCH,050726
NATIONAL INVESTMENT BANK (NIB),NATIONAL INVESTMENT BANK-TAMALE BRANCH,050808
NATIONAL INVESTMENT BANK (NIB),NATIONAL INVESTMENT BANK - SAWLA BRANCH,050840
NATIONAL INVESTMENT BANK (NIB),NATIONAL INVESTMENT BANK - UDS TAMALE BRANCH,050842
NATIONAL INVESTMENT BANK (NIB),NATIONAL INVESTMENT BANK - YENDI BRANCH,050844
NATIONAL INVESTMENT BANK (NIB),NATIONAL INVESTMENT BANK-BOLGATANGA BRANCH,050902
NATIONAL INVESTMENT BANK (NIB),NATIONAL INVESTMENT BANK-WA BRANCH,051014
UNITED BANK FOR AFRICA (GH) LTD (UBA),UNITED BANK FOR AFRICA(GH) LTD-HEAD OFFICE-RIDGE BRANCH,060101
UNITED BANK FOR AFRICA (GH) LTD (UBA),UNITED BANK FOR AFRICA(GH) LTD-ACCRA CENTRAL BRANCH,060102
UNITED BANK FOR AFRICA (GH) LTD (UBA),UNITED BANK FOR AFRICA(GH) LTD-TEMA BRANCH,060103
UNITED BANK FOR AFRICA (GH) LTD (UBA),UNITED BANK FOR AFRICA(GH) LTD-ABOSSEY OKAI BRANCH,060106
UNITED BANK FOR AFRICA (GH) LTD (UBA),UNITED BANK FOR AFRICA(GH) LTD-RING ROAD BRANCH,060107
UNITED BANK FOR AFRICA (GH) LTD (UBA),UNITED BANK FOR AFRICA(GH) LTD-DZORWULU 1 MOTORWAY BRANCH,060108
UNITED BANK FOR AFRICA (GH) LTD (UBA),UNITED BANK FOR AFRICA(GH) LTD-DZORWULU 2 BRANCH,060109
UNITED BANK FOR AFRICA (GH) LTD (UBA),UNITED BANK FOR AFRICA(GH) LTD-MADINA BRANCH,060110
UNITED BANK FOR AFRICA (GH) LTD (UBA),UNITED BANK FOR AFRICA(GH) LTD-EAST LEGON 1 BRANCH,060111
UNITED BANK FOR AFRICA (GH) LTD (UBA),UNITED BANK FOR AFRICA(GH) LTD-EAST LEGON 2 BRANCH,060112
UNITED BANK FOR AFRICA (GH) LTD (UBA),UNITED BANK FOR AFRICA(GH) LTD-TESHIE BRANCH,060113
UNITED BANK FOR AFRICA (GH) LTD (UBA),UNITED BANK FOR AFRICA(GH) LTD-SPINTEX ROAD BRANCH,060114
UNITED BANK FOR AFRICA (GH) LTD (UBA),UNITED BANK FOR AFRICA(GH) LTD-TEMA INDUSTRIA AREA BRANCH,060119
UNITED BANK FOR AFRICA (GH) LTD (UBA),UNITED BANK FOR AFRICA(GH) LTD-ACHIMOTA BRANCH,060129
UNITED BANK FOR AFRICA (GH) LTD (UBA),UNITED BANK FOR AFRICA(GH) LTD-TAKORADI BRANCH,060402
UNITED BANK FOR AFRICA (GH) LTD (UBA),UNITED BANK FOR AFRICA(GH) LTD - TARKWA BRANCH,060403
UNITED BANK FOR AFRICA (GH) LTD (UBA),UNITED BANK FOR AFRICA(GH) LTD-TAKORADI BRANCH,060405
UNITED BANK FOR AFRICA (GH) LTD (UBA),UNITED BANK FOR AFRICA(GH) LTD-KUMASI-ADUM BRANCH,060601
UNITED BANK FOR AFRICA (GH) LTD (UBA),UNITED BANK FOR AFRICA(GH) LTD-SUAME BRANCH,060602
UNITED BANK FOR AFRICA (GH) LTD (UBA),UNITED BANK FOR AFRICA(GH) LTD-KNUST BRANCH,060603
UNITED BANK FOR AFRICA (GH) LTD (UBA),UNITED BANK FOR AFRICA(GH) LTD-TANOSO BRANCH,060605
UNITED BANK FOR AFRICA (GH) LTD (UBA),UNITED BANK FOR AFRICA(GH) LTD-ALABAR BRANCH,060606
UNITED BANK FOR AFRICA (GH) LTD (UBA),UNITED BANK FOR AFRICA(GH) LTD-TAMALE BRANCH,060801
AGRICULTURAL DEVELOPMENT BANK (ADB),AGRICULTURAL DEVELOPMENT BANK -CORPORATE BANKING,080010
AGRICULTURAL DEVELOPMENT BANK (ADB),AGRICULTURAL DEVELOPMENT BANK -CONSUMER BANKING,080020
AGRICULTURAL DEVELOPMENT BANK (ADB),AGRICULTURAL DEVELOPMENT BANK - PARASTATALS,080030
AGRICULTURAL DEVELOPMENT BANK (ADB),AGRICULTURAL DEVELOPMENT BANK - AGRIC FINANCING,080040
AGRICULTURAL DEVELOPMENT BANK (ADB),AGRICULTURAL DEVELOPMENT BANK - COMMERCIAL BANKING,080050
AGRICULTURAL DEVELOPMENT BANK (ADB),AGRICULTURAL DEVELOPMENT BANK- AGRIC VALUE CHAIN,080060
AGRICULTURAL DEVELOPMENT BANK (ADB),AGRICULTURAL DEVELOPMENT BANK- BUSINESS FINANCE,080070
AGRICULTURAL DEVELOPMENT BANK (ADB),AGRICULTURAL DEVELOPMENT BANK-,080100
AGRICULTURAL DEVELOPMENT BANK (ADB),AGRICULTURAL DEVELOPMENT BANK-HEAD OFFICE BRANCH,080100
AGRICULTURAL DEVELOPMENT BANK (ADB),AGRICULTURAL DEVELOPMENT BANK-RING ROAD CENTRAL BRANCH,080101
AGRICULTURAL DEVELOPMENT BANK (ADB),AGRICULTURAL DEVELOPMENT BANK-ADABRAKA BRANCH,080102
AGRICULTURAL DEVELOPMENT BANK (ADB),AGRICULTURAL DEVELOPMENT BANK-TEMA BRANCH,080103
AGRICULTURAL DEVELOPMENT BANK (ADB),AGRICULTURAL DEVELOPMENT BANK-TESHIE BRANCH,080104
AGRICULTURAL DEVELOPMENT BANK (ADB),AGRICULTURAL DEVELOPMENT BANK-KANESHIE BRANCH,080105
AGRICULTURAL DEVELOPMENT BANK (ADB),AGRICULTURAL DEVELOPMENT BANK-CEDI HOUSE BRANCH,080106
AGRICULTURAL DEVELOPMENT BANK (ADB),AGRICULTURAL DEVELOPMENT BANK-INTERNATIONAL BANKING,080107
AGRICULTURAL DEVELOPMENT BANK (ADB),AGRICULTURAL DEVELOPMENT BANK-GULF HOUSE BRANCH,080108
AGRICULTURAL DEVELOPMENT BANK (ADB),AGRICULTURAL DEVELOPMENT BANK-DANSOMAN BRANCH,080109
AGRICULTURAL DEVELOPMENT BANK (ADB),AGRICULTURAL DEVELOPMENT BANK-NUNGUA BRANCH,080110
AGRICULTURAL DEVELOPMENT BANK (ADB),AGRICULTURAL DEVELOPMENT BANK-KORKORDZOR BRANCH,080111
AGRICULTURAL DEVELOPMENT BANK (ADB),AGRICULTURAL DEVELOPMENT BANK-OSU BRANCH,080112
AGRICULTURAL DEVELOPMENT BANK (ADB),AGRICULTURAL DEVELOPMENT BANK-MADINA BRANCH,080113
AGRICULTURAL DEVELOPMENT BANK (ADB),AGRICULTURAL DEVELOPMENT BANK-ABEKALAPAZ BRANCH,080114
AGRICULTURAL DEVELOPMENT BANK (ADB),AGRICULTURAL DEVELOPMENT BANK-AGONA SWEDRU BRANCH,080115
AGRICULTURAL DEVELOPMENT BANK (ADB),AGRICULTURAL DEVELOPMENT BANK-ADB HOUSE BRANCH,080116
AGRICULTURAL DEVELOPMENT BANK (ADB),AGRICULTURAL DEVELOPMENT BANK-ACHIMOTA BRANCH,080117
AGRICULTURAL DEVELOPMENT BANK (ADB),AGRICULTURAL DEVELOPMENT BANK-SPINTEX ROAD BRANCH,080118
AGRICULTURAL DEVELOPMENT BANK (ADB),AGRICULTURAL DEVELOPMENT BANK-MAKOLA BRANCH,080119
AGRICULTURAL DEVELOPMENT BANK (ADB),AGRICULTURAL DEVELOPMENT BANK-ACCRA NEW TOWN BRANCH,080120
AGRICULTURAL DEVELOPMENT BANK (ADB),AGRICULTURAL DEVELOPMENT BANK LTD - TEMA MERIDIAN BRANCH,080121
AGRICULTURAL DEVELOPMENT BANK (ADB),AGRICULTURAL DEVELOPMENT BANK-ASHIAMAN BRANCH,080124
AGRICULTURAL DEVELOPMENT BANK (ADB),AGRICULTURAL DEVELOPMENT BANK-DANQUAH CIRCLE BRANCH,080125
AGRICULTURAL DEVELOPMENT BANK (ADB),AGRICULTURAL DEVELOPMENT BANK - NIMA BRANCH,080126
AGRICULTURAL DEVELOPMENT BANK (ADB),AGRICULTURAL DEVELOPMENT BANK-KASOA BRANCH,080127
AGRICULTURAL DEVELOPMENT BANK (ADB),AGRICULTURAL DEVELOPMENT BANK - WINNEBA BRANCH,080128
AGRICULTURAL DEVELOPMENT BANK (ADB),AGRICULTURAL DEVELOPMENT BANK- DIAMOND CEMENT BRANCH,080129
AGRICULTURAL DEVELOPMENT BANK (ADB),AGRICULTURAL DEVELOPMENT BANK-KOFORIDUA BRANCH,080221
AGRICULTURAL DEVELOPMENT BANK (ADB),AGRICULTURAL DEVELOPMENT BANK-SUHUM BRANCH,080222
AGRICULTURAL DEVELOPMENT BANK (ADB),AGRICULTURAL DEVELOPMENT BANK-NKAWKAW BRANCH,080223
AGRICULTURAL DEVELOPMENT BANK (ADB),AGRICULTURAL DEVELOPMENT BANK--ASIAKWA BRANCH,080229
AGRICULTURAL DEVELOPMENT BANK (ADB),AGRICULTURAL DEVELOPMENT BANK- KADE BRANCH,080230
AGRICULTURAL DEVELOPMENT BANK (ADB),AGRICULTURAL DEVELOPMENT BANK-CAPE COAST BRANCH,080331
AGRICULTURAL DEVELOPMENT BANK (ADB),AGRICULTURAL DEVELOPMENT BANK-ASSIN FOSO BRANCH,080332
AGRICULTURAL DEVELOPMENT BANK (ADB),AGRICULTURAL DEVELOPMENT BANK-UCC BRANCH,080333
AGRICULTURAL DEVELOPMENT BANK (ADB),AGRICULTURAL DEVELOPMENT BANK-MANKESSIM BRANCH,080334
AGRICULTURAL DEVELOPMENT BANK (ADB),AGRICULTURAL DEVELOPMENT BANK-TAKORADI BRANCH,080441
AGRICULTURAL DEVELOPMENT BANK (ADB),AGRICULTURAL DEVELOPMENT BANK-ENCHI BRANCH,080444
AGRICULTURAL DEVELOPMENT BANK (ADB),AGRICULTURAL DEVELOPMENT BANK- TAKORADI HARBOUR BRANCH,080445
AGRICULTURAL DEVELOPMENT BANK (ADB),AGRICULTURAL DEVELOPMENT BANK-AGONA NKWANTA BRANCH,080446
AGRICULTURAL DEVELOPMENT BANK (ADB),AGRICULTURAL DEVELOPMENT BANK- GREL,080447
AGRICULTURAL DEVELOPMENT BANK (ADB),AGRICULTURAL DEVELOPMENT BANK-JUABOSO BRANCH,080448
AGRICULTURAL DEVELOPMENT BANK (ADB),AGRICULTURAL DEVELOPMENT BANK-HO BRANCH,080552
AGRICULTURAL DEVELOPMENT BANK (ADB),AGRICULTURAL DEVELOPMENT BANK-KPANDO BRANCH,080553
AGRICULTURAL DEVELOPMENT BANK (ADB),AGRICULTURAL DEVELOPMENT BANK-NKWANTA BRANCH,080554
AGRICULTURAL DEVELOPMENT BANK (ADB),AGRICULTURAL DEVELOPMENT BANK-DENU BRANCH,080555
AGRICULTURAL DEVELOPMENT BANK (ADB),AGRICULTURAL DEVELOPMENT BANK-JUAPONG BRANCH,080556
AGRICULTURAL DEVELOPMENT BANK (ADB),AGRICULTURAL DEVELOPMENT BANK-SOGAKOPE BRANCH,080557
AGRICULTURAL DEVELOPMENT BANK (ADB),AGRICULTURAL DEVELOPMENT BANK- KPEVE BRANCH,080558
AGRICULTURAL DEVELOPMENT BANK (ADB),AGRICULTURAL DEVELOPMENT BANK- KPASSA BRANCH,080559
AGRICULTURAL DEVELOPMENT BANK (ADB),AGRICULTURAL DEVELOPMENT BANK-KUMASI ADUM BRANCH,080661
AGRICULTURAL DEVELOPMENT BANK (ADB),AGRICULTURAL DEVELOPMENT BANK-BEKWAI BRANCH,080662
AGRICULTURAL DEVELOPMENT BANK (ADB),AGRICULTURAL DEVELOPMENT BANK-NEW EDUBIASE BRANCH,080663
AGRICULTURAL DEVELOPMENT BANK (ADB),AGRICULTURAL DEVELOPMENT BANK-OBUASI BRANCH,080664
AGRICULTURAL DEVELOPMENT BANK (ADB),AGRICULTURAL DEVELOPMENT BANK-KUMASI CENTRAL  MARKET BRANCH,080665
AGRICULTURAL DEVELOPMENT BANK (ADB),AGRICULTURAL DEVELOPMENT BANK-KUMASI ASOKWA BRANCH,080666
AGRICULTURAL DEVELOPMENT BANK (ADB),AGRICULTURAL DEVELOPMENT BANK-KUMASI PREMPEH 11 STREET BRANCH,080667
AGRICULTURAL DEVELOPMENT BANK (ADB),AGRICULTURAL DEVELOPMENT BANK-AMAKOM BRANCH,080668
AGRICULTURAL DEVELOPMENT BANK (ADB),AGRICULTURAL DEVELOPMENT BANK-SEFWI WIAWSO BRANCH,080684
AGRICULTURAL DEVELOPMENT BANK (ADB),AGRICULTURAL DEVELOPMENT BANK-ATEBUBU BRANCH,080685
AGRICULTURAL DEVELOPMENT BANK (ADB),AGRICULTURAL DEVELOPMENT BANK-BONSO NKWANTA BRANCH,080686
AGRICULTURAL DEVELOPMENT BANK (ADB),AGRICULTURAL DEVELOPMENT BANK-SEFWI ESSAM BRANCH,080687
AGRICULTURAL DEVELOPMENT BANK (ADB),AGRICULTURAL DEVELOPMENT BANK-SUNYANI BRANCH,080771
AGRICULTURAL DEVELOPMENT BANK (ADB),AGRICULTURAL DEVELOPMENT BANK-DORMAA AHENKRO BRANCH,080772
AGRICULTURAL DEVELOPMENT BANK (ADB),AGRICULTURAL DEVELOPMENT BANK-BEREKUM  BRANCH,080774
AGRICULTURAL DEVELOPMENT BANK (ADB),AGRICULTURAL DEVELOPMENT BANK-NKORANSAH BRANCH,080775
AGRICULTURAL DEVELOPMENT BANK (ADB),AGRICULTURAL DEVELOPMENT BANK-TECHIMAN BRANCH,080776
AGRICULTURAL DEVELOPMENT BANK (ADB),AGRICULTURAL DEVELOPMENT BANK-GOASO BRANCH,080777
AGRICULTURAL DEVELOPMENT BANK (ADB),AGRICULTURAL DEVELOPMENT BANK-KWAPONG BRANCH,080778
AGRICULTURAL DEVELOPMENT BANK (ADB),AGRICULTURAL DEVELOPMENT BANK-KENYASE BRANCH,080779
AGRICULTURAL DEVELOPMENT BANK (ADB),AGRICULTURAL DEVELOPMENT BANK-TAMALE BRANCH,080881
AGRICULTURAL DEVELOPMENT BANK (ADB),AGRICULTURAL DEVELOPMENT BANK-TAMALE ABOABO BRANCH,080882
AGRICULTURAL DEVELOPMENT BANK (ADB),AGRICULTURAL DEVELOPMENT BANK-YENDI BRANCH,080883
AGRICULTURAL DEVELOPMENT BANK (ADB),AGRICULTURAL DEVELOPMENT BANK- - BOLE BRANCH,080888
AGRICULTURAL DEVELOPMENT BANK (ADB),AGRIC DEVELOPMENT BANK - KALADAN BRANCH,080889
AGRICULTURAL DEVELOPMENT BANK (ADB),AGRICULTURAL DEVELOPMENT BANK- - BUIPE BRANCH,080890
AGRICULTURAL DEVELOPMENT BANK (ADB),AGRICULTURAL DEVELOPMENT BANK- SAVELUGU BRANCH,080897
AGRICULTURAL DEVELOPMENT BANK (ADB),AGRICULTURAL DEVELOPMENT BANK-BOLGATANGA BRANCH,080991
AGRICULTURAL DEVELOPMENT BANK (ADB),AGRICULTURAL DEVELOPMENT BANK-BAWKU BRANCH,080992
AGRICULTURAL DEVELOPMENT BANK (ADB),AGRICULTURAL DEVELOPMENT BANK-NAVRONGO BRANCH,080993
AGRICULTURAL DEVELOPMENT BANK (ADB),AGRICULTURAL DEVELOPMENT BANK- TUMU BRANCH,080994
AGRICULTURAL DEVELOPMENT BANK (ADB),AGRICULTURAL DEVELOPMENT BANK-WA BRANCH,080995
AGRICULTURAL DEVELOPMENT BANK (ADB),AGRICULTURAL DEVELOPMENT BANK- WALEWALE BRANCH,080996
AGRICULTURAL DEVELOPMENT BANK (ADB),AGRICULTURAL DEVELOPMENT BANK- WA BRANCH,081095
AGRICULTURAL DEVELOPMENT BANK (ADB),AGRICULTURAL DEVELOPMENT BANK-HOHOE BRANCH,081151
SOCIETE GENERAL GHANA LTD (SG),SOCIETE GENERALE GHANA LTD - ACCRA MAIN BRANCH,090101
SOCIETE GENERAL GHANA LTD (SG),SOCIETE GENERALE GHANA LTD - NORTH INDUSTRIAL AREA BRANCH,090102
SOCIETE GENERAL GHANA LTD (SG),SOCIETE GENERALE GHANA LTD - TUDU BRANCH,090103
SOCIETE GENERAL GHANA LTD (SG),SOCIETE GENERALE GHANA LTD - ACCRA NEW TOWN BRANCH,090104
SOCIETE GENERAL GHANA LTD (SG),SOCIETE GENERALE GHANA LTD - FAANOFA BRANCH,090105
SOCIETE GENERAL GHANA LTD (SG),SOCIETE GENERALE GHANA LTD - TEMA COMMUNITY TWO,090106
SOCIETE GENERAL GHANA LTD (SG),SOCIETE GENERALE GHANA LTD - OSU BRANCH,090107
SOCIETE GENERAL GHANA LTD (SG),SOCIETE GENERALE GHANA LTD - OKAISHIE,090108
SOCIETE GENERAL GHANA LTD (SG),SOCIETE GENERALE GHANA LTD - KANASHIE,090109
SOCIETE GENERAL GHANA LTD (SG),SOCIETE GENERALE GHANA LTD - TEMA FISHING HARBOUR,090110
SOCIETE GENERAL GHANA LTD (SG),SOCIETE GENERALE GHANA LTD - PREMIER TOWERS,090114
SOCIETE GENERAL GHANA LTD (SG),SOCIETE GENERALE GHANA LTD - HEAD OFFICE,090115
SOCIETE GENERAL GHANA LTD (SG),SOCIETE GENERALE GHANA LTD - SPINTEX ROAD BRANCH,090117
SOCIETE GENERAL GHANA LTD (SG),SOCIETE GENERALE GHANA LTD - MADINA BRANCH,090118
SOCIETE GENERAL GHANA LTD (SG),SOCIETE GENERALE GHANA LTD - KASOA BRANCH,090119
SOCIETE GENERAL GHANA LTD (SG),SOCIETE GENERALE GHANA LTD - TEMA COMMUNITY ONE BRANCH,090120
SOCIETE GENERAL GHANA LTD (SG),SOCIETE GENERALE GHANA LTD- ASHIAMAN BRANCH,090121
SOCIETE GENERAL GHANA LTD (SG),SOCIETE GENERALE GHANA LTD - EAST LEGON BRANCH,090122
SOCIETE GENERAL GHANA LTD (SG),SOCIETE GENERALE GHANA LTD - AIRPORT CITY BRANCH,090123
SOCIETE GENERAL GHANA LTD (SG),SOCIETE GENERALE GHANA LTD - DANSOMAN BRANCH,090124
SOCIETE GENERAL GHANA LTD (SG),SOCIETE GENERALE GHANA LTD -KANESHIE MARKET BRANCH,090125
SOCIETE GENERAL GHANA LTD (SG),SOCIETE GENERALE GHANA LTD-ACHIMOTA BRANCH,090126
SOCIETE GENERAL GHANA LTD (SG),SOCIETE GENERALE GHANA LTD - KOFORIDUA,090201
SOCIETE GENERAL GHANA LTD (SG),SOCIETE GENERALE GHANA LTD - AKIM ODA BRANCH,090202
SOCIETE GENERAL GHANA LTD (SG),SOCIETE GENERALE GHANA LTD - CAPE COAST BRANCH,090301
SOCIETE GENERAL GHANA LTD (SG),SOCIETE GENERALE GHANA LTD - DUNKWA BRANCH,090302
SOCIETE GENERAL GHANA LTD (SG),SOCIETE GENERALE GHANA LTD - TAKORADI BRANCH,090401
SOCIETE GENERAL GHANA LTD (SG),SOCIETE GENERALE GHANA LTD - TARKWA BRANCH,090404
SOCIETE GENERAL GHANA LTD (SG),SOCIETE GENERALE GHANA LTD- TAKORADI MARKET CIRCLE BRANCH,090411
SOCIETE GENERAL GHANA LTD (SG),SOCIETE GENERALE GHANA LTD - HO BRANCH,090501
SOCIETE GENERAL GHANA LTD (SG),SOCIETE GENERALE GHANA LTD - ADUM BRANCH,090601
SOCIETE GENERAL GHANA LTD (SG),SOCIETE GENERALE GHANA LTD - KUMASI CENTRAL BRANCH,090602
SOCIETE GENERAL GHANA LTD (SG),SOCIETE GENERALE GHANA LTD - BIBIANI BRANCH,090603
SOCIETE GENERAL GHANA LTD (SG),SOCIETE GENERALE GHANA LTD - ASAFO BRANCH,090605
SOCIETE GENERAL GHANA LTD (SG),SOCIETE GENERALE GHANA LTD - SUAMI BRANCH,090606
SOCIETE GENERAL GHANA LTD (SG),SOCIETE GENERALE GHANA LTD - KEJETIA BRANCH,090607
SOCIETE GENERAL GHANA LTD (SG),SOCIETE GENERALE GHANA LTD - SUNYANI BRANCH,090701
SOCIETE GENERAL GHANA LTD (SG),SOCIETE GENERALE GHANA LTD - BEREKUM BRANCH,090741
SOCIETE GENERAL GHANA LTD (SG),SOCIETE GENERALE GHANA LTD - TAMALE BRANCH,090801
SOCIETE GENERAL GHANA LTD (SG),SOCIETE GENERALE GHANA LTD - BOLGATANGA BRANCH,090901
SOCIETE GENERAL GHANA LTD (SG),SOCIETE GENERALE GHANA LTD - WA BRANCH,091001
UNIVERSAL MERCHANT BANK (GH) LTD (UMB),UNIVERSAL MERCHANT BANK (GH) LTD,100100
UNIVERSAL MERCHANT BANK (GH) LTD (UMB),UNIVERSAL MERCHANT BANK (GH) LTD-ACCRA BRANCH,100101
UNIVERSAL MERCHANT BANK (GH) LTD (UMB),UNIVERSAL MERCHANT BANK (GH) LTD-TEMA BRANCH,100102
UNIVERSAL MERCHANT BANK (GH) LTD (UMB),UNIVERSAL MERCHANT BANK (GH) LTD-RIDGE BRANCH,100103
UNIVERSAL MERCHANT BANK (GH) LTD (UMB),UNIVERSAL MERCHANT BANK (GH) LTD-ADABRAKA,100104
UNIVERSAL MERCHANT BANK (GH) LTD (UMB),UNIVERSAL MERCHANT BANK (GH) LTD-KANESHIE,100105
UNIVERSAL MERCHANT BANK (GH) LTD (UMB),UNIVERSAL MERCHANT BANK (GH) LTD-ABEKA BRANCH,100106
UNIVERSAL MERCHANT BANK (GH) LTD (UMB),UNIVERSAL MERCHANT BANK (GH) LTD-NORTH INDUSTRIAL,100107
UNIVERSAL MERCHANT BANK (GH) LTD (UMB),UNIVERSAL MERCHANT BANK (GH) LTD-TEMA EAST,100108
UNIVERSAL MERCHANT BANK (GH) LTD (UMB),UNIVERSAL MERCHANT BANK (GH) LTD-ACHIMOTA,100109
UNIVERSAL MERCHANT BANK (GH) LTD (UMB),UNIVERSAL MERCHANT BANK (GH) LTD-ABOSEY OKAI,100110
UNIVERSAL MERCHANT BANK (GH) LTD (UMB),UNIVERSAL MERCHANT BANK (GH) LTD-SOUTH INDUSTRIAL AREA,100111
UNIVERSAL MERCHANT BANK (GH) LTD (UMB),UNIVERSAL MERCHANT BANK (GH) LTD-OSU,100112
UNIVERSAL MERCHANT BANK (GH) LTD (UMB),UNIVERSAL MERCHANT BANK (GH) LTD - LABONE,100113
UNIVERSAL MERCHANT BANK (GH) LTD (UMB),UNIVERSAL MERCHANT BANK (GH) LTD-AIRPORT CITY,100114
UNIVERSAL MERCHANT BANK (GH) LTD (UMB),UNIVERSAL MERCHANT BANK - JUNCTION MALL BRANCH,100115
UNIVERSAL MERCHANT BANK (GH) LTD (UMB),UNIVERSAL MERCHANT BANK (GH) LTD - East Legon Branch,100116
UNIVERSAL MERCHANT BANK (GH) LTD (UMB),UNIVERSAL MERCHANT BANK (GH) LTD - OXFORD STREET,100117
UNIVERSAL MERCHANT BANK (GH) LTD (UMB),UNIVERSAL MERCHANT BANK (GH) LTD- SPINTEX ROAD,100118
UNIVERSAL MERCHANT BANK (GH) LTD (UMB),UNIVERSAL MERCHANT BANK (GH) LTD - SAKAMAN BRANCH,100119
UNIVERSAL MERCHANT BANK (GH) LTD (UMB),UNIVERSAL MERCHANT BANK (GH) LTD-MADINA,100122
UNIVERSAL MERCHANT BANK (GH) LTD (UMB),UNIVERSAL MERCHANT BANK (GH) LTD-KOFORIDUA,100204
UNIVERSAL MERCHANT BANK (GH) LTD (UMB),UNIVERSAL MERCHANT BANK (GH) LTD-TAKORADI,100401
UNIVERSAL MERCHANT BANK (GH) LTD (UMB),UNIVERSAL MERCHANT BANK (GH) LTD-TARKWA,100402
UNIVERSAL MERCHANT BANK (GH) LTD (UMB),UNIVERSAL MERCHANT BANK (GH) LTD - KASOA,100501
UNIVERSAL MERCHANT BANK (GH) LTD (UMB),UNIVERSAL MERCHANT BANK (GH) LTD-KUMASI,100601
UNIVERSAL MERCHANT BANK (GH) LTD (UMB),UNIVERSAL MERCHANT BANK (GH) LTD-BIBIANI,100602
UNIVERSAL MERCHANT BANK (GH) LTD (UMB),UNIVERSAL MERCHANT BANK (GH) LTD-ASAFO,100603
UNIVERSAL MERCHANT BANK (GH) LTD (UMB),UNIVERSAL MERCHANT BANK (GH) LTD-BANTAMA,100604
UNIVERSAL MERCHANT BANK (GH) LTD (UMB),UNIVERSAL MERCHANT BANK (GH) LTD-ADUM,100605
UNIVERSAL MERCHANT BANK (GH) LTD (UMB),UNIVERSAL MERCHANT BANK (GH) LTD-KONONGO,100606
UNIVERSAL MERCHANT BANK (GH) LTD (UMB),UNIVERSAL MERCHANT BANK (GH) LTD-TECHIMAN,100701
UNIVERSAL MERCHANT BANK (GH) LTD (UMB),UNIVERSAL MERCHANT BANK (GH) LTD-TAMALE,100801
REPUBLIC BANK (GH) LTD,REPUBLIC BANK,110100
REPUBLIC BANK (GH) LTD,REPUBLIC BANK (GH) LTD-EBANKESE BRANCH,110101
REPUBLIC BANK (GH) LTD,REPUBLIC BANK GH LTD-ACCRA CENTRAL,110103
REPUBLIC BANK (GH) LTD,REPUBLIC BANK (GH) LTD-RIDGE,110104
REPUBLIC BANK (GH) LTD,REPUBLIC BANK  (GH) LTD-TEMA,110105
REPUBLIC BANK (GH) LTD,REPUBLIC BANK  (GH) LTD-LEGON,110107
REPUBLIC BANK (GH) LTD,REPUBLIC BANK  (GH) LTD-ABOSEY OKAI,110108
REPUBLIC BANK (GH) LTD,REPUBLIC BANK  (GH) LTD-TUDU,110109
REPUBLIC BANK (GH) LTD,REPUBLIC BANK (GH) LTD- BAATSONA,110116
REPUBLIC BANK (GH) LTD,REPUBLIC BANK  (GH) LTD-PRIVATE BANKING,110117
REPUBLIC BANK (GH) LTD,REPUBLIC BANK (GH) LTD-ASHIAMAN,110118
REPUBLIC BANK (GH) LTD,REPUBLIC BANK  (GH) LTD-POST OFFICE SQUARE BRANCH,110119
REPUBLIC BANK (GH) LTD,REPUBLIC BANK - ADABRAKA BRANCH,110120
REPUBLIC BANK (GH) LTD,REPUBLIC BANK (GH) LTD - DANSOMAN BRANCH,110121
REPUBLIC BANK (GH) LTD,REPUBLIC BANK  (GH) LTD- ACCRA NEW TOWN,110122
REPUBLIC BANK (GH) LTD,REPUBLIC BANK  (GH) LTD - MADINA,110123
REPUBLIC BANK (GH) LTD,REPUBLIC BANK  (GH) LTD- ACHIMOTA,110124
REPUBLIC BANK (GH) LTD,REPUBLIC BANK  (GH) LTD -ADJIRIGANO BRANCH,110126
REPUBLIC BANK (GH) LTD,REPUBLIC BANK  (GH) LTD - Community 25,110127
REPUBLIC BANK (GH) LTD,REPUBLIC BANK (GH) LTD-KOFORIDUA,110215
REPUBLIC BANK (GH) LTD,REPUBLIC BANK  (GH) LTD-ASAMANKESE BRANCH,110216
REPUBLIC BANK (GH) LTD,REPUBLIC BANK  - KASOA BRANCH,110301
REPUBLIC BANK (GH) LTD,REPUBLIC BANK GHANA LTD-SWEDRU BRANCH,110302
REPUBLIC BANK (GH) LTD,REPUBLIC BANK (GH) LTD - CAPE COAST BRANCH,110303
REPUBLIC BANK (GH) LTD,REPUBLIC BANK (GH) LTD-WINNEBA,110304
REPUBLIC BANK (GH) LTD,REPUBLIC BANK  (GH) LTD-TAKORADI,110401
REPUBLIC BANK (GH) LTD,REPUBLIC BANK  (GH) LTD-SEFWI WIAWSO,110402
REPUBLIC BANK (GH) LTD,REPUBLIC BANK  (GH) LTD-SEFWI BEKWAI,110403
REPUBLIC BANK (GH) LTD,REPUBLIC BANK  (GH) LTD- JUABESO,110404
REPUBLIC BANK (GH) LTD,REPUBLIC BANK  (GH) LTD- AKONTOMBRA,110405
REPUBLIC BANK (GH) LTD,REPUBLIC BANK  (GH) LTD- ESSAM,110406
REPUBLIC BANK (GH) LTD,REPUBLIC BANK (GH) LTD-ASEMPANAYE,110407
REPUBLIC BANK (GH) LTD,REPUBLIC BANK  (GH) LTD- ASANKRAGWA,110409
REPUBLIC BANK (GH) LTD,REPUBLIC BANK (GH) LTD-KUMASI,110601
REPUBLIC BANK (GH) LTD,REPUBLIC BANK (GH) LTD-KUMASI MAGAZINE BRANCH,110604
REPUBLIC BANK (GH) LTD,REPUBLIC BANK  (GH) LTD- ASOKWA,110605
REPUBLIC BANK (GH) LTD,REPUBLIC BANK (GH) LTD-KNUST,110613
REPUBLIC BANK (GH) LTD,REPUBLIC BANK (GH) LTD-TECHIMAN,110710
REPUBLIC BANK (GH) LTD,REPUBLIC BANK  (GH) LTD - GOASO,110711
REPUBLIC BANK (GH) LTD,REPUBLIC BANK  (GH) LTD-TAMALE,110814
REPUBLIC BANK (GH) LTD,REPUBLIC BANK  (GH) LTD - BOLGA,110901
ZENITH BANK,ZENITH BANK (GH) LTD-PREMIER TOWERS,120101
ZENITH BANK,ZENITH BANK (GH) LTD-PATRICE LUMUMBA ROAD,120102
ZENITH BANK,ZENITH BANK (GH) LTD-TEMA COMMUNITY 1,120103
ZENITH BANK,ZENITH BANK GHANA LTD-KOJO THOMPSON ROAD BRANCH,120104
ZENITH BANK,ZENITH BANK GHANA LTD- SPINTEX,120105
ZENITH BANK,ZENITH BANK (GH) LTD-GRAPHIC ROAD,120106
ZENITH BANK,ZENITH BANK (GH) LTD-NORTH INDUSTRIAL AREA,120107
ZENITH BANK,ZENITH BANK (GH) LTD-LABONE,120108
ZENITH BANK,ZENITH BANK GHANA LTD-EAST LEGON,120109
ZENITH BANK,ZENITH BANK (GH) LTD-TEMA INDUSTRIAL AREA,120110
ZENITH BANK,ZENITH BANK (GH) LTD-ACHIMOTA BRANCH,120111
ZENITH BANK,ZENITH BANK (GH) LTD-AKOSOMBO BRANCH,120112
ZENITH BANK,ZENITH BANK (GH) LTD - TEMA METRO BRANCH,120113
ZENITH BANK,ZENITH BANK (GH) LTD - FREE ZONES BRANCH,120114
ZENITH BANK,ZENITH BANK (GH) LTD - TRADE FAIR BRANCH,120115
ZENITH BANK,ZENITH BANK (GH) LTD - SAKAMAN BRANCH,120116
ZENITH BANK,ZENITH BANK (GH) LTD-PREMIER TOWERS BRANCH,120117
ZENITH BANK,ZENITH BANK GHANA LTD - KOFORIDUA BRANCH,120201
ZENITH BANK,ZENITH BANK (GHANA) LTD - CAPE COAST BRANCH,120301
ZENITH BANK,ZENITH BANK (GH) LTD-TAKORADI MAIN,120401
ZENITH BANK,ZENITH BANK (GH) LTD-TAKORADI HABOUR BRANCH,120402
ZENITH BANK,ZENITH BANK (GH) LTD - TARKWA,120403
ZENITH BANK,ZENITH BANK (GH) LTD - Ho Branch,120501
ZENITH BANK,ZENITH BANK (GH) LTD-KUMASI MAIN,120601
ZENITH BANK,ZENITH BANK (GH) LTD- Adum,120602
ZENITH BANK,ZENITH BANK (GHANA) LTD - SUAME BRANCH,120603
ZENITH BANK,ZENITH BANK (GH) LTD-SUNYANI,120701
ZENITH BANK,ZENITH BANK (GH) LTD -Tamale,120801
ECOBANK GHANA LTD,ECOBANK (GH) LTD-HEAD OFFICE BRANCH BRANCH,130101
ECOBANK GHANA LTD,ECOBANK (GH) LTD-TEMA BRANCH BRANCH,130102
ECOBANK GHANA LTD,ECOBANK (GH) LTD-RING ROAD CENTRAL BRANCH,130103
ECOBANK GHANA LTD,ECOBANK (GH) LTD-TUDU BRANCH,130104
ECOBANK GHANA LTD,ECOBANK (GH) LTD-SILVER STAR BRANCH,130105
ECOBANK GHANA LTD,ECOBANK (GH) LTD-OSU BRANCH,130106
ECOBANK GHANA LTD,ECOBANK (GH) LTD-A AND C BRANCH,130107
ECOBANK GHANA LTD,ECOBANK (GH) LTD-TEMA LONG ROOM BRANCH,130108
ECOBANK GHANA LTD,ECOBANK (GH) LTD-McCARTHY HILL BRANCH,130109
ECOBANK GHANA LTD,ECOBANK (GH) LTD - ROMAN RIDGE BRANCH,130110
ECOBANK GHANA LTD,ECOBANK (GH) LTD-ABEKA LAPAZ BRANCH,130111
ECOBANK GHANA LTD,ECOBANK (GH) LTD-DANSOMAN BRANCH,130112
ECOBANK GHANA LTD,ECOBANK(GH)LTD-TEMA COMMUNITY 6 BRANCH,130113
ECOBANK GHANA LTD,ECOBANK (GH) LTD-DARKUMAN BRANCH,130114
ECOBANK GHANA LTD,ECOBANK (GH) LTD-LEGON BRANCH,130115
ECOBANK GHANA LTD,ECOBANK(GH) LTD-SOUTH INDUSTRIAL AREA(SIA) BRANCH,130116
ECOBANK GHANA LTD,ECOBANK (GH) LTD-SPINTEX BRANCH,130117
ECOBANK GHANA LTD,ECOBANK (GH) LTD-ACCRA SHOPPING MALL BRANCH,130118
ECOBANK GHANA LTD,ECOBANK (GH) LTD-TEMA SHOPPING MALL BRANCH,130119
ECOBANK GHANA LTD,ECOBANK(GH) LTD-WEIJA BRANCH,130120
ECOBANK GHANA LTD,ECOBANK (GH)LTD-ACHIMOTA MILE 7 BRANCH,130121
ECOBANK GHANA LTD,ECOBANK (GH) LTD-MADINA BRANCH,130122
ECOBANK GHANA LTD,ECOBANK(GH) LTD-HAATSOO BRANCH,130123
ECOBANK GHANA LTD,ECOBANK(GH)LTD-WESTLANDS BRANCH,130124
ECOBANK GHANA LTD,ECOBANK (GH) LTD-MOTOR WAY ROUNDABOUT BRANCH,130125
ECOBANK GHANA LTD,ECOBANK(GH)LTD-KOTOBABI BRANCH,130127
ECOBANK GHANA LTD,ECOBANK(GH) LTD-SAFE BOND BRANCH,130128
ECOBANK GHANA LTD,ECOBANK (GH) LTD-LABONE BRANCH,130129
ECOBANK GHANA LTD,ECOBANK (GH) LTD-BURMA CAMP BRANCH,130130
ECOBANK GHANA LTD,ECOBANK (GH) LTD-REINSURANCE HOUSE BRANCH,130131
ECOBANK GHANA LTD,ECOBANK (GH) LTD-TRUST TOWERS BRANCH,130132
ECOBANK GHANA LTD,ECOBANK (GH) LTD-TESANO BRANCH,130133
ECOBANK GHANA LTD,ECOBANK (GH) LTD-HOSPITAL ROAD BRANCH,130134
ECOBANK GHANA LTD,ECOBANK (GH) LTD-KASOA BRANCH,130135
ECOBANK GHANA LTD,ECOBANK (GH) LTD-KANTAMANTO BRANCH,130136
ECOBANK GHANA LTD,ECOBANK (GH) LTD-MADINA CENTRAL BRANCH,130137
ECOBANK GHANA LTD,ECOBANK (GH) LTD-COMMUNITY1 BRANCH,130138
ECOBANK GHANA LTD,ECOBANK (GH) LTD-SAKUMONO BRANCH,130139
ECOBANK GHANA LTD,ECOBANK (GH) LTD-HIGH STREET BRANCH,130140
ECOBANK GHANA LTD,ECOBANK (GH) LTD-KWASHIEMAN BRANCH,130141
ECOBANK GHANA LTD,ECOBANK (GH) LTD-KISSEIMAN BRANCH,130142
ECOBANK GHANA LTD,ECOBANK (GH) LTD-ACCION,130145
ECOBANK GHANA LTD,ECOBANK (GH) LTD-OPPORTUNITY INT. SAVINGS AND LOAN,130146
ECOBANK GHANA LTD,ECOBANK (GH) LTD-EAST AIRPORT BRANCH,130147
ECOBANK GHANA LTD,ECOBANK (GH) LTD-KWABENYA BRANCH,130148
ECOBANK GHANA LTD,ECOBANK (GH) LTD-OKPONGLO BRANCH,130149
ECOBANK GHANA LTD,ECOBANK (GH) LTD-ASHAIMAN BRANCH,130150
ECOBANK GHANA LTD,ECOBANK (GH) LTD - KWAME NKRUMAH AVENUE BRANCH,130153
ECOBANK GHANA LTD,ECOBANK (GH) LTD-ADEHYEMAN SAVINGS & LOAN,130154
ECOBANK GHANA LTD,ECOBANK (GH) LTD-NBFI-ADVANS GH,130161
ECOBANK GHANA LTD,ECOBANK (GH) LTD - NEW ABEKA BRANCH,130162
ECOBANK GHANA LTD,ECOBANK (GH) LTD - GOLDEN PRIDE S&L,130163
ECOBANK GHANA LTD,ECOBANK (GH) LTD - PRIVATE BANKING,130164
ECOBANK GHANA LTD,ECOBANK (GH) LTD-NEW ABIREM BRANCH,130201
ECOBANK GHANA LTD,ECOBANK (GH) LTD-TAKORADI BRANCH,130401
ECOBANK GHANA LTD,ECOBANK (GH) LTD-TARKWA BRANCH,130402
ECOBANK GHANA LTD,ECOBANK (GH) LTD-TAKORADI MARKET CIRCLE BRANCH,130403
ECOBANK GHANA LTD,ECOBANK(GH) LTD-ELUBU BRANCH,130404
ECOBANK GHANA LTD,ECOBANK(GH) TAKORADI COLLINS STREET BRANCH,130405
ECOBANK GHANA LTD,ECOBANK (GH) LTD - ESIAMA BRANCH,130406
ECOBANK GHANA LTD,ECOBANK (GH) LTD-AFLAO BRANCH,130501
ECOBANK GHANA LTD,ECOBANK (GH) LTD-KUMASI HARPER ROAD BRANCH,130601
ECOBANK GHANA LTD,ECOBANK (GH) LTD-JUBILEE HOUSE BRANCH,130602
ECOBANK GHANA LTD,ECOBANK (GH) LTD-KNUST BRANCH,130603
ECOBANK GHANA LTD,ECOBANK(GH) LTD-ADUM BRANCH,130604
ECOBANK GHANA LTD,ECOBANK(GH)LTD-ABREPO JUNCTION BRANCH,130605
ECOBANK GHANA LTD,ECOBANK(GH)LTD-TAFO BRANCH,130606
ECOBANK GHANA LTD,ECOBANK (GH) LTD-ASH TOWN BRANCH,130607
ECOBANK GHANA LTD,ECOBANK(GH) LTD-KEJETIA BRANCH,130608
ECOBANK GHANA LTD,ECOBANK (GH) LTD-ABREPO MAIN BRANCH,130609
ECOBANK GHANA LTD,ECOBANK(GH) LTD-BANTAMA BRANCH,130610
ECOBANK GHANA LTD,ECOBANK (GH) LTD-STADIUM BRANCH,130611
ECOBANK GHANA LTD,ECOBANK (GH) LTD-TANOSO BRANCH,130612
ECOBANK GHANA LTD,ECOBANK (GH) LTD-SSNIT HOUSE BRANCH,130614
ECOBANK GHANA LTD,ECOBANK (GH) LTD-SUAME BRANCH,130615
ECOBANK GHANA LTD,ECOBANK (GH) LTD-ASHTOWN EAST BRANCH,130616
ECOBANK GHANA LTD,ECOBANK (GH) LTD-KENYASI AGENCY,130701
ECOBANK GHANA LTD,ECOBANK (GH) LTD-SUNYANI BRANCH,130702
ECOBANK GHANA LTD,ECOBANK (GH) LTD-TAMALE,130801
CAL BANK LTD,CAL BANK LTD,140100
CAL BANK LTD,CAL BANK LTD - HEAD OFFICE BRANCH,140100
CAL BANK LTD,CAL BANK LTD-INDEPENDENCE AVENUE BRANCH,140101
CAL BANK LTD,CAL BANK LTD-TEMA BRANCH,140102
CAL BANK LTD,CAL BANK LTD-DERBY AVENUE BRANCH,140103
CAL BANK LTD,CAL BANK LTD-SPINTEX ROAD BRANCH,140104
CAL BANK LTD,CAL BANK LTD-GRAPHIC ROAD BRANCH,140105
CAL BANK LTD,CAL BANK LTD-TEMA HARBOUR BRANCH,140106
CAL BANK LTD,CAL BANK LTD - WEIJA BRANCH,140107
CAL BANK LTD,CAL BANK LTD - CIRCLE BRANCH,140108
CAL BANK LTD,CAL BANK LTD-LEGON BRANCH,140109
CAL BANK LTD,CAL BANK LTD-RING ROAD CENTRAL BRANCH,140110
CAL BANK LTD,CAL BANK LTD-ACHIMOTA BRANCH,140111
CAL BANK LTD,CAL BANK - OSU BRANCH,140112
CAL BANK LTD,CAL BANK LTD- COMMUNITY 25 BRANCH,140113
CAL BANK LTD,CAL BANK - EAST LEGON BRANCH,140114
CAL BANK LTD,CAL BANK - DANSOMAN BRANCH,140115
CAL BANK LTD,CAL BANK LTD-LABONE BRANCH,140116
CAL BANK LTD,CAL BANK LTD - AIRPORT CITY BRANCH,140117
CAL BANK LTD,CAL BANK LTD-AIRPORT REFINERY,140118
CAL BANK LTD,CAL BANK LTD-PRIVATE BANKING,140190
CAL BANK LTD,CAL BANK LTD - OPPORTUNITY SAVINGS & LOANS,140199
CAL BANK LTD,CAL BANK LTD-TAKORADI BRANCH,140401
CAL BANK LTD,CAL BANK LTD-TARKWA BRANCH BRANCH,140402
CAL BANK LTD,CAL BANK LTD-TAKORADI HARBOUR BRANCH,140403
CAL BANK LTD,CAL BANK LTD - ESIAMA BRANCH,140404
CAL BANK LTD,CAL BANK LTD-SEKONDI ROAD BRANCH,140405
CAL BANK LTD,CAL BANK LTD-NHYIEASO BRANCH,140601
CAL BANK LTD,CAL BANK LTD-SUAME BRANCH,140602
CAL BANK LTD,CAL BANK LTD-KEJETIA BRANCH,140603
CAL BANK LTD,CAL BANK LTD-KNUST BRANCH,140604
CAL BANK LTD,CAL BANK LTD - ASAFO BRANCH,140605
CAL BANK LTD,CAL BANK LTD-TAMALE BRANCH,140801
FIRST ATLANTIC BANK LTD,FIRST ATLANTIC BANK LTD - EAST LEGON MAIN BRANCH,170114
FIRST ATLANTIC BANK LTD,FIRST ATLANTIC BANK LTD - KOTOBABI BRANCH,170115
FIRST ATLANTIC BANK LTD,FIRST ATLANTIC BANK LTD - SAKUMONO BRANCH,170116
FIRST ATLANTIC BANK LTD,FIRST ATLANTIC  BANK LTD - AMERICAN HOUSEBRANCH,170117
FIRST ATLANTIC BANK LTD,FIRST ATLANTIC  BANK LTD - LAPAZ BRANCH,170118
FIRST ATLANTIC BANK LTD,FIRST ATLANTIC  BANK LTD - SAKAMAN  BRANCH,170119
FIRST ATLANTIC BANK LTD,FIRST ATLANTIC  BANK LTD-DWORWULU  BRANCH,170120
FIRST ATLANTIC BANK LTD,FIRST ATLANTIC  BANK LTD-RING ROAD BRANCH,170121
FIRST ATLANTIC BANK LTD,FIRST ATLANTIC  BANK LTD - MADINA BRANCH,170122
FIRST ATLANTIC BANK LTD,FIRST ATLANTIC  BANK LTD -KASOA BRANCH,170123
FIRST ATLANTIC BANK LTD,FIRST ATLANTIC  BANK LTD - OSU MAIN BRANCH,170124
FIRST ATLANTIC BANK LTD,FIRST ATLANTIC  BANK LTD - TEMA COMM 1 BRANCH,170126
FIRST ATLANTIC BANK LTD,FIRST ATLANTIC  BANK LTD - SPINTEX BRANCH 2,170127
FIRST ATLANTIC BANK LTD,FIRST ATLANTIC  BANK LTD - 37 BRANCH,170128
FIRST ATLANTIC BANK LTD,FIRST ATLANTIC  BANK LTD - TRADE FAIR BRANCH,170129
FIRST ATLANTIC BANK LTD,FIRST ATLANTIC BANK LTD -SIC LIFE SAVINGS AND LOANS LIMITED,170180
FIRST ATLANTIC BANK LTD,FIRST ATLANTIC  BANK LTD-TADI MARKT CIRCLE BRANCH,170401
FIRST ATLANTIC BANK LTD,FIRST ATLANTIC  BANK LTD-KUMASI BRANCH,170601
FIRST ATLANTIC BANK LTD,FIRST ATLANTIC  BANK LTD-SUAME BRANCH,170602
FIRST ATLANTIC BANK LTD,FIRST ATLANTIC  BANK LTD -ADUM BRANCH,170603
FIRST ATLANTIC BANK LTD,FIRST ATLANTIC  BANK LTD - MANHYIA BRANCH,170605
FIRST ATLANTIC BANK LTD,FIRST ATLANTIC  BANK LTD - MULTICREDIT SAVINGS & LOANS LIMITED,170650
FIRST ATLANTIC BANK LTD,FIRST ATLANTIC  BANK LTD - TECHIMAN BRANCH,170701
FIRST ATLANTIC BANK LTD,FIRST ATLANTIC  BANK LTD -TAMALE BRANCH,170801
PRUDENTIAL BANK LTD,PRUDENTIAL BANK LTD-,180100
PRUDENTIAL BANK LTD,PRUDENTIAL BANK LTD-ACCRA BRANCH,180101
PRUDENTIAL BANK LTD,PRUDENTIAL BANK LTD-ABOSSEY OKAI BRANCH,180102
PRUDENTIAL BANK LTD,PRUDENTIAL BANK LTD-GICEL,180103
PRUDENTIAL BANK LTD,PRUDENTIAL BANK LTD-TEMA FISHING HABOUR,180104
PRUDENTIAL BANK LTD,PRUDENTIAL BANK LTD-MADINA BRANCH,180105
PRUDENTIAL BANK LTD,PRUDENTIAL BANK LTD-MAKOLA BRANCH,180107
PRUDENTIAL BANK LTD,PRUDENTIAL BANK LTD-RING ROAD CENTRAL BRANCH,180109
PRUDENTIAL BANK LTD,PRUDENTIAL BANK LTD-SPINTEX ROAD BRANCH,180110
PRUDENTIAL BANK LTD,PRUDENTIAL BANK LTD-TEMA COMMUNITY 1 BRANCH,180111
PRUDENTIAL BANK LTD,PRUDENTIAL BANK LTD-WEIJA BRANCH,180112
PRUDENTIAL BANK LTD,PRUDENTIAL BANK LTD-TESANO BRANCH,180113
PRUDENTIAL BANK LTD,PRUDENTIAL BANK LTD-ZONGO JUNCTION BRANCH,180114
PRUDENTIAL BANK LTD,PRUDENTIAL BANK LTD-ODORKOR BRANCH,180115
PRUDENTIAL BANK LTD,PRUDENTIAL BANK LTD-ABEKA BRANCH,180116
PRUDENTIAL BANK LTD,PRUDENTIAL BANK LTD - NORTH INDUSTRIAL AREA BRANCH,180117
PRUDENTIAL BANK LTD,PRUDENTIAL BANK LTD-ADENTA BRANCH,180118
PRUDENTIAL BANK LTD,PRUDENTIAL BANK LTD-KWAME NKRUMAH CIRCLE,180119
PRUDENTIAL BANK LTD,PRUDENTIAL BANK LTD-MATAHEKO BRANCH,180120
PRUDENTIAL BANK LTD,PRUDENTIAL BANK    LTD - OKAISHIE BRANCH,180121
PRUDENTIAL BANK LTD,PRUDENTIAL BANK LTD - EAST LEGON BRANCH,180122
PRUDENTIAL BANK LTD,PRUDENTIAL BANK - BAWALESHIE BRANCH,180123
PRUDENTIAL BANK LTD,PRUDENTIAL BANK LTD -NUNGUA BRANCH,180124
PRUDENTIAL BANK LTD,PRUDENTIAL BANK LTD- VALLEY VIEW UNIVERSITY BRANCH,180125
PRUDENTIAL BANK LTD,PRUDENTIAL BANK - UNIVERSITY OF GHANA BRANCH,180126
PRUDENTIAL BANK LTD,PRUDENTIAL BANK - TAIFA BRANCH,180127
PRUDENTIAL BANK LTD,PRUDENTIAL BANK LTD- AIRPORT CITY BRANCH,180128
PRUDENTIAL BANK LTD,PRUDENTIAL BANK LTD-CANTONMENTS BRANCH,180129
PRUDENTIAL BANK LTD,PRUDENTIAL BANK LTD-GOLDEN LINK SAVINGS AND LOANS COMPANY,180199
PRUDENTIAL BANK LTD,PRUDENTIAL BANK LTD-KOFORIDUA BRANCH,180201
PRUDENTIAL BANK LTD,PRUDENTIAL BANK LTD-CAPECOAST BRANCH,180301
PRUDENTIAL BANK LTD,PRUDENTIAL BANK LTD-UNIV. OF CAPE COAST BRANCH,180302
PRUDENTIAL BANK LTD,PRUDENTIAL BANK LTD-TAKORADI HARBOUR BRANCH,180401
PRUDENTIAL BANK LTD,PRUDENTIAL BANK LTD-TAKORADI MARKET CIRCLE BRANCH,180402
PRUDENTIAL BANK LTD,PRUDENTIAL BANK LTD-KUMASI BRANCH,180601
PRUDENTIAL BANK LTD,PRUDENTIAL BANK LTD-ADUM-KUMASI BRANCH,180602
PRUDENTIAL BANK LTD,PRUDENTIAL BANK LTD-AFFUL NKWANTA BRANCH,180603
PRUDENTIAL BANK LTD,PRUDENTIAL BANK LTD-ABOABO BRANCH,180604
PRUDENTIAL BANK LTD,PRUDENTIAL BANK LTD-ATONSU BRANCH,180605
PRUDENTIAL BANK LTD,PRUDENTIAL BANK LTD-SUAME MAAKRO BRANCH,180606
PRUDENTIAL BANK LTD,PRUDENTIAL BANK LTD -SANTASI ROUNDABOUT BRANCH,180607
PRUDENTIAL BANK LTD,PRUDENTIAL BANK LTD - TECHIMAN BRANCH,180701
PRUDENTIAL BANK LTD,PRUDENTIAL BANK LTD-TAMALE BRANCH,180801
STANBIC BANK GHANA LTD,STANBIC BANK GHANA LTD-ACCRA MAIN BRANCH,190101
STANBIC BANK GHANA LTD,STANBIC BANK GHANA LTD-AIRPORT CITY BRANCH,190102
STANBIC BANK GHANA LTD,STANBIC BANK GHANA LTD-SPINTEX ROAD BRANCH,190103
STANBIC BANK GHANA LTD,STANBIC BANK GHANA LTD-ACCRA MALL BRANCH,190104
STANBIC BANK GHANA LTD,STANBIC BANK GHANA LTD-NORTH INDUSTIAL AREA BRANCH,190105
STANBIC BANK GHANA LTD,STANBIC BANK GHANA LTD-TEMA INDUSTRIAL AREA BRANCH,190106
STANBIC BANK GHANA LTD,STANBIC BANK GHANA LTD-GRAPHIC ROAD BRANCH,190107
STANBIC BANK GHANA LTD,STANBIC BANK GHANA LTD-MAKOLA BRANCH,190108
STANBIC BANK GHANA LTD,STANBIC BANK GHANA LTD-RIND ROAD BRANCH,190109
STANBIC BANK GHANA LTD,STANBIC BANK GHANA LTD-ACHIMOTA BRANCH,190110
STANBIC BANK GHANA LTD,STANBIC BANK GHANA LTD-KASOA BRANCH,190112
STANBIC BANK GHANA LTD,STANBIC BANK GH LTD - TEMA FISHING HABOUR BRANCH,190113
STANBIC BANK GHANA LTD,STANBIC BANK GHANA LTD-MOVENPICK BRANCH,190114
STANBIC BANK GHANA LTD,STANBIC BANK GHANA LTD-MADINA BRANCH,190115
STANBIC BANK GHANA LTD,STANBIC BANK GHANA LTD-DANSOMAN BRANCH,190116
STANBIC BANK GHANA LTD,STANBIC BANK GHANA LTD-ASHAIMAN BRANCH,190117
STANBIC BANK GHANA LTD,STANBIC BANK GHANA LTD-TEMA COMMUNITY ONE BRANCH,190118
STANBIC BANK GHANA LTD,STANBIC BANK GHANA LTD-EAST LEGON BRANCH,190119
STANBIC BANK GHANA LTD,STANBIC BANK GHANA LTD-LAPAZ BRANCH,190120
STANBIC BANK GHANA LTD,STANBIC BANK GHANA LTD-STANBIC HEIGHTS BRANCH,190121
STANBIC BANK GHANA LTD,STANBIC BANK GHANA - INTEGRATED PROCESSING CENTER,190122
STANBIC BANK GHANA LTD,STANBIC BANK GHANA LTD - CASH CENTRE,190123
STANBIC BANK GHANA LTD,STANBIC BANK - WEST HILLS MALL BRANCH,190124
STANBIC BANK GHANA LTD,STANBIC BANK - JUNCTION MALL BRANCH,190125
STANBIC BANK GHANA LTD,STANBIC BANK - TUDU BRANCH,190127
STANBIC BANK GHANA LTD,STANBIC BANK GHANA LTD - ACHIMOTA MALL BRANCH,190128
STANBIC BANK GHANA LTD,STANBIC BANK GHANA LTD - LEGON BRANCH,190130
STANBIC BANK GHANA LTD,STANBIC BANK GHANA LTD- SERVICES INTERGRITY SAVINGS AND LOANS LIMITED,190132
STANBIC BANK GHANA LTD,STANBIC BANK GHANA LTD - AGJIRINGANOR BRANCH,190133
STANBIC BANK GHANA LTD,STANBIC BANK GHANA LTD-TAKORADI BRANCH,190401
STANBIC BANK GHANA LTD,STANBIC BANK GHANA LTD-TARKWA BRANCH,190402
STANBIC BANK GHANA LTD,STANBIC BANK GHANA LTD-HARPER-KUMASI BRANCH,190601
STANBIC BANK GHANA LTD,STANBIC BANK GHANA LTD-SUAME BRANCH,190602
STANBIC BANK GHANA LTD,STANBIC BANK GHANA LTD-ADUM BRANCH,190603
STANBIC BANK GHANA LTD,STANBIC BANK GHANA LTD-ASHTOWN BRANCH,190604
STANBIC BANK GHANA LTD,MULTI CREDIT SAVINGS AND LOANS - KUMASI,190605
STANBIC BANK GHANA LTD,STANBIC BANK GHANA LTD-KNUST BRANCH,190606
STANBIC BANK GHANA LTD,STANBIC BANK GHANA LTD - ASOKWA BRANCH,190607
STANBIC BANK GHANA LTD,STANBIC BANK GHANA LTD-SUNYANI BRANCH,190701
STANBIC BANK GHANA LTD,STANBIC BANK GHANA LTD-TAMALE BRANCH,190801
STANBIC BANK GHANA LTD,STANBIC BANK GHANA LTD-BOLGATANGA BRANCH,190901
STANBIC BANK GHANA LTD,STANBIC BANK GHANA LTD-WA BRANCH,191001
FIRST BANK NIGERIA,FBN BANK LTD -MAKOLA BRANCH,200101
FIRST BANK NIGERIA,FBN BANK LTD -KASOA BRANCH,200102
FIRST BANK NIGERIA,FBN BANK LTD -TEMA BRANCH,200103
FIRST BANK NIGERIA,FBN BANK LTD -KANESHIE BRANCH,200104
FIRST BANK NIGERIA,FBN BANK LTD -RING ROAD CENTRAL BRANCH,200105
FIRST BANK NIGERIA,FBN BANK LTD -DANSOMAN BRANCH,200106
FIRST BANK NIGERIA,FBN BANK LTD -SPINTEX ROAD BRANCH,200107
FIRST BANK NIGERIA,FBN BANK LTD -SWEDRU BRANCH,200108
FIRST BANK NIGERIA,FBN BANK LTD -ACHIMOTA BRANCH,200109
FIRST BANK NIGERIA,FBN BANK LTD -SWANMILL BRANCH,200110
FIRST BANK NIGERIA,FBN BANK LTD -KORLE-BU BRANCH,200111
FIRST BANK NIGERIA,FBN BANK LTD -DOME BRANCH,200112
FIRST BANK NIGERIA,FBN BANK LTD -SANTA MARIA BRANCH,200113
FIRST BANK NIGERIA,FBN BANK LTD - SPINTEX 2 BRANCH,200114
FIRST BANK NIGERIA,FBN BANK LTD - AIRPORT BRANCH,200115
FIRST BANK NIGERIA,FBN BANK LTD -TAKORADI BRANCH,200401
FIRST BANK NIGERIA,FBN BANK LTD -ADUM BRANCH,200601
FIRST BANK NIGERIA,FBN BANK LTD -SUAME BRANCH,200602
FIRST BANK NIGERIA,FBN BANK LTD -TECHIMAN BRANCH,200701
BANK OF AFRICA,BANK OF AFRICA-FARRAR AVE BRANCH,210101
BANK OF AFRICA,BANK OF AFRICA-RIDGE BRANCH,210102
BANK OF AFRICA,BANK OF AFRICA-MAAMOBI BRANCH,210103
BANK OF AFRICA,BANK OF AFRICA-ACCRA CENTRAL BRANCH,210104
BANK OF AFRICA,BANK OF AFRICA-NEWTOWN BRANCH,210105
BANK OF AFRICA,BANK OF AFRICA-MICHEL CAMP BRANCH,210106
BANK OF AFRICA,BANK OF AFRICA-EAST LEGON BRANCH,210111
BANK OF AFRICA,BANK OF AFRICA-KWASHIEMAN BRANCH,210112
BANK OF AFRICA,BANK OF AFRICA-OSU BRANCH,210113
BANK OF AFRICA,BANK OF AFRICA-SPINTEX ROAD BRANCH,210114
BANK OF AFRICA,BANK OF AFRICA-TEMA BRANCH,210116
BANK OF AFRICA,BANK OF AFRICA- DANSOMAN BRANCH,210117
BANK OF AFRICA,BANK OF AFRICA-MADINA BRANCH,210118
BANK OF AFRICA,BANK OF AFRICA-ABOSSEY OKAI BRANCH,210119
BANK OF AFRICA,BANK OF AFRICA-WHOLESALE CENTER,210122
BANK OF AFRICA,BANK OF AFRICA-TESHIE NUNGUA BRANCH,210123
BANK OF AFRICA,BANK OF AFRICA-OPERA SQUARE BRANCH,210124
BANK OF AFRICA,BANK OF AFRICA-AIRPORT CITY BRANCH,210125
BANK OF AFRICA,BANK OF AFRICA-OCTAGON BRANCH,210126
BANK OF AFRICA,BANK OF AFRICA -TAKORADI BRANCH,210401
BANK OF AFRICA,BANK OF AFRICA -KUMASI AMAKOM BRANCH,210601
BANK OF AFRICA,BANK OF AFRICA-KUMASI -ADUM BRANCH,210602
BANK OF AFRICA,BANK OF AFRICA-SOKOBAN BRANCH,210603
BANK OF AFRICA,BANK OF AFRICA- SUAME BRANCH,210604
BANK OF AFRICA,BANK OF AFRICA-MULTICREDIT SAVINGS AND LOANS CO.,210699
BANK OF AFRICA,BANK OF AFRICA-TAMALE BRANCH,210801
BANK OF AFRICA,BANK OF AFRICA-BOLGATANGA BRANCH,210901
BANK OF AFRICA,BANK OF AFRICA-WA BRANCH BRANCH,211001
GUARANTY TRUST (GH) LTD,GUARANTY TRUST (GH) LTD-HEAD OFFICE BRANCH,230101
GUARANTY TRUST (GH) LTD,GUARANTY TRUST (GH) LTD-AIRPORT BRANCH,230102
GUARANTY TRUST (GH) LTD,GUARANTY TRUST (GH) LTD-TEMA BRANCH,230103
GUARANTY TRUST (GH) LTD,GUARANTY TRUST (GH) LTD-OSU BRANCH,230104
GUARANTY TRUST (GH) LTD,GUARANTY TRUST (GH) LTD-SPINTEX ROAD BRANCH,230105
GUARANTY TRUST (GH) LTD,GUARANTY TRUST (GH) LTD-LABONE BRANCH,230106
GUARANTY TRUST (GH) LTD,GUARANTY TRUST (GH) LTD-GRAPHIC ROAD BRANCH,230107
GUARANTY TRUST (GH) LTD,GUARANTY TRUST (GH) LTD-ASHIAMAN BRANCH,230108
GUARANTY TRUST (GH) LTD,GUARANTY TRUST (GH) LTD-TUDU BRANCH,230109
GUARANTY TRUST (GH) LTD,GUARANTY TRUST (GH) LTD-MADINA BRANCH,230110
GUARANTY TRUST (GH) LTD,GUARANTY TRUST (GH) LTD-ACHIMOTA BRANCH,230111
GUARANTY TRUST (GH) LTD,GUARANTY TRUST (GH) LTD-NIA BRANCH,230112
GUARANTY TRUST (GH) LTD,GUARANTY TRUST (GH) LTD-COMMUNITY 6 BRANCH,230113
GUARANTY TRUST (GH) LTD,GUARANTY TRUST (GH) LTD-OPERA SQUARE BRANCH,230114
GUARANTY TRUST (GH) LTD,GUARANTY TRUST (GH) LTD-LAPAZ BRANCH,230115
GUARANTY TRUST (GH) LTD,GUARANTY TRUST (GH) LTD - EAST LEGON BRANCH,230116
GUARANTY TRUST (GH) LTD,GUARANTY TRUST (GH) LTD - DOME BRANCH,230117
GUARANTY TRUST (GH) LTD,GUARANTY TRUST (GH) LTD - MAKOLA BRANCH,230118
GUARANTY TRUST (GH) LTD,GUARANTY TRUST BANK - RING ROAD BRANCH,230119
GUARANTY TRUST (GH) LTD,GUARNTY TRUST BANK - BAATSONA BRANCH,230120
GUARANTY TRUST (GH) LTD,GUARNTY TRUST BANK - TEMA MAIN HARBOUR BRANCH,230122
GUARANTY TRUST (GH) LTD,GUARANTY TRUST (GH) LTD - ONE AIRPORT SQUARE BRANCH,230123
GUARANTY TRUST (GH) LTD,GUARANTY TRUST (GH) LTD - DANSOMAN BRANCH,230124
GUARANTY TRUST (GH) LTD,GUARANTY TRUST (GH) LTD-ASURANCE SAVINGS AND LOANS LTD,230184
GUARANTY TRUST (GH) LTD,GUARANTY TRUST BANK - CAPE - COAST BRANCH,230301
GUARANTY TRUST (GH) LTD,GUARANTY TRUST (GH) LTD - KASOA BRANCH,230302
GUARANTY TRUST (GH) LTD,GUARANTY TRUST (GH) LTD-TAKORADI BRANCH,230401
GUARANTY TRUST (GH) LTD,GUARANTY TRUST (GH) LTD-TARKWA BRANCH,230402
GUARANTY TRUST (GH) LTD,GUARANTY TRUST (GH) LTD-AFLAO BRANCH,230501
GUARANTY TRUST (GH) LTD,GUARANTY TRUST (GH) LTD-KUMASI-LAKE  ROAD BRANCH,230601
GUARANTY TRUST (GH) LTD,GUARANTY TRUST (GH) LTD-ADUM BRANCH,230602
GUARANTY TRUST (GH) LTD,GUARANTY TRUST (GH) LTD- - ALABAR BRANCH,230603
GUARANTY TRUST (GH) LTD,GUARANTY TRUST (GH) LTD-ST PETER'S CO-OPERATIVE CREDIT UNION,230652
GUARANTY TRUST (GH) LTD,GUARANTY TRUST (GH) LTD-NOBLE DREAM MICROFINANCE LTD,230653
GUARANTY TRUST (GH) LTD,GUARANTY TRUST (GH) LTD-ADEHYEMAN SAVINGS & LOANS LTD,230680
GUARANTY TRUST (GH) LTD,GUARANTY TRUST (GH) LTD-TECHIMAN BRANCH,230701
GUARANTY TRUST (GH) LTD,GUARANTY TRUST (GH) LTD-TAMALE BRANCH,230801
FIDELITY BANK GHANA,FIDELITY BANK GHANA LTD,240100
FIDELITY BANK GHANA,FIDELITY BANK GHANA LTD-HEAD OFFICE BRANCH,240100
FIDELITY BANK GHANA,FIDELITY BANK GHANA LTD-RIDGE TOWERS,240101
FIDELITY BANK GHANA,FIDELITY BANK GHANA LTD-SPINTEX ROAD,240102
FIDELITY BANK GHANA,FIDELITY BANK GHANA LTD-HIGH STREET,240103
FIDELITY BANK GHANA,FIDELITY BANK GHANA LTD-OSU,240104
FIDELITY BANK GHANA,FIDELITY BANK GHANA LTD-ABOSSEY OKAI BRANCH,240105
FIDELITY BANK GHANA,FIDELITY BANK GHANA LTD-TEMA SAFE BOND BRANCH,240106
FIDELITY BANK GHANA,FIDELITY BANK GHANA LTD-KANTAMANTO BRANCH,240107
FIDELITY BANK GHANA,FIDELITY BANK GHANA LTD-TUDU BRANCH,240108
FIDELITY BANK GHANA,FIDELITY BANK GHANA LTD-TEMA-COMMUNITY ONE,240109
FIDELITY BANK GHANA,FIDELITY BANK GHANA LTD-OKAISHIE BRANCH,240110
FIDELITY BANK GHANA,FIDELITY BANK GHANA LTD-ACTION CHAPEL BRANCH,240111
FIDELITY BANK GHANA,FIDELITY BANK GHANA LTD- A AND C MALL BRANCH,240112
FIDELITY BANK GHANA,FIDELITY BANK GHANA LTD-DANSOMAN BRANCH,240113
FIDELITY BANK GHANA,FIDELITY BANK GHANA LTD-RING ROAD BRANCH,240114
FIDELITY BANK GHANA,FIDELITY BANK GHANA LTD-HAATSO BRANCH,240115
FIDELITY BANK GHANA,FIDELITY BANK GHANA LTD-TEMA COMMUNITY 2 BRANCH,240116
FIDELITY BANK GHANA,FIDELITY BANK GHANA LTD-ACCRA CENTRAL POSTBANK BRANCH,240117
FIDELITY BANK GHANA,FIDELITY BANK GHANA LTD-ADENTA BRANCH,240118
FIDELITY BANK GHANA,FIDELITY BANK GHANA LTD-IPS BRANCH,240119
FIDELITY BANK GHANA,FIDELITY BANK GHANA LTD-TRADE FAIR LA BRANCH,240120
FIDELITY BANK GHANA,FIDELITY BANK GHANA LTD-TESANO BRANCH,240121
FIDELITY BANK GHANA,FIDELITY BANK GHANA LTD-DZORWULU BRANCH,240122
FIDELITY BANK GHANA,FIDELITY BANK GHANA LTD-MAMPROBI POSTBANK BRANCH,240123
FIDELITY BANK GHANA,FIDELITY BANK GHANA LTD-KWAME NKRUMAH AVENUE BRANCH,240124
FIDELITY BANK GHANA,FIDELITY BANK GHANA LTD -  ACHIMOTA BRANCH,240125
FIDELITY BANK GHANA,FIDELITY BANK GHANA LTD - GWB LAPAZ BRANCH,240126
FIDELITY BANK GHANA,FIDELITY BANK GHANA LTD-NUNGUA BRANCH,240127
FIDELITY BANK GHANA,FIDELITY BANK GHANA LTD-ASHAIMAN BRANCH,240128
FIDELITY BANK GHANA,FIDELITY BANK GHANA LTD-AIRPORT ACCRA BRANCH,240129
FIDELITY BANK GHANA,FIDELITY BANK - MAAMOBI BRANCH,240130
FIDELITY BANK GHANA,FIDELITY BANK - KOKOMLEMLE BRANCH,240131
FIDELITY BANK GHANA,FIDELITY BANK - KANESHIE MAIN BRANCH,240132
FIDELITY BANK GHANA,FIDELITY BANK - TEMA COMM. 1 MAIN BRANCH,240133
FIDELITY BANK GHANA,FIDELITY BANK - MADINA MARKET BRANCH,240134
FIDELITY BANK GHANA,FIDELITY BANK - TUDU MAIN BRANCH,240135
FIDELITY BANK GHANA,FIDELITY BANK - DANSOMAN MAIN BRANCH,240136
FIDELITY BANK GHANA,FIDELITY BANK  - ABEKA BRANCH,240138
FIDELITY BANK GHANA,FIDELITY BANK - ASHAIMAN MARKET BRANCH,240142
FIDELITY BANK GHANA,FIDELITY BANK - AIRPORT PC BRANCH,240143
FIDELITY BANK GHANA,FIDELITY BANK  - KASOA BRANCH,240144
FIDELITY BANK GHANA,FIDELITY BANK - DOME BRANCH,240145
FIDELITY BANK GHANA,FIDELITY BANK - KANESHIE MARKET BRANCH,240146
FIDELITY BANK GHANA,FIDELITY BANK - MADINA BRANCH,240147
FIDELITY BANK GHANA,FIDELITY BANK - OSU DANQUAH CIRCLE BRANCH,240148
FIDELITY BANK GHANA,FIDELITY BANK - NUNGUA BRIGADE BRANCH,240149
FIDELITY BANK GHANA,FIDELITY BANK GHANA LTD - TEMA COMMUNITY 25 BRANCH,240150
FIDELITY BANK GHANA,FIDELITY BANK GHANA LTD - WEIJA BRANCH,240151
FIDELITY BANK GHANA,FIDELITY BANK GHANA LTD- EAST LEGON BRANCH,240152
FIDELITY BANK GHANA,FIDELITY BANK GHANA LTD-HOHOE BRANCH BRANCH,240191
FIDELITY BANK GHANA,FIDELITY BANK GHANA LTD - NKWAKAW BRANCH,240201
FIDELITY BANK GHANA,FIDELITY BANK GHANA LTD - KOFORIDUA BRANCH,240203
FIDELITY BANK GHANA,FIDELITY BANK GHANA LTD-ASSIN FOSU BRANCH,240301
FIDELITY BANK GHANA,FIDELITY BANK - CAPE COAST BRANCH,240302
FIDELITY BANK GHANA,FIDELITY BANK GHANA LTD - CAPECOAST MAIN BRANCH,240303
FIDELITY BANK GHANA,FIDELITY BANK GHANA LTD-TAKORADI MARKET CIRCLE,240401
FIDELITY BANK GHANA,FIDELITY BANK GHANA LTD-TARKWA BRANCH,240402
FIDELITY BANK GHANA,FIDELITY BANK GHANA LTD-TAKORADI POSTBANK BRANCH,240403
FIDELITY BANK GHANA,FIDELITY BANK - TARKWA MAIN BRANCH,240405
FIDELITY BANK GHANA,FIDELITY BANK - TAKORADI EFFIEKUMA BRANCH,240406
FIDELITY BANK GHANA,FIDELITY BANK - TAKORADI MAIN BRANCH,240407
FIDELITY BANK GHANA,FIDELITY BANK GHANA LTD-HO BRANCH,240501
FIDELITY BANK GHANA,FIDELITY BANK GHANA LTD-STADIUM POST,240601
FIDELITY BANK GHANA,FIDELITY BANK GHANA LTD-KUMASI-ADUM,240602
FIDELITY BANK GHANA,FIDELITY BANK GHANA LTD-KUMASI-SUAME,240603
FIDELITY BANK GHANA,FIDELITY BANK GHANA LTD - ATONSU BRANCH,240604
FIDELITY BANK GHANA,FIDELITY BANK GHANA LTD-AHODWO BRANCH,240605
FIDELITY BANK GHANA,FIDELITY BANK GHANA LTD-KUMASI ADUM POSTBANK,240606
FIDELITY BANK GHANA,FIDELITY BANK GHANA LTD - KO METHODIST BRANCH,240607
FIDELITY BANK GHANA,FIDELITY BANK GHANA LTD-SANTASI ROUNDABOUT BRANCH,240608
FIDELITY BANK GHANA,FIDELITY BANK - ADUM SAGOE LANE BRANCH,240609
FIDELITY BANK GHANA,FIDELITY BANK - SUAME MAIN BRANCH,240610
FIDELITY BANK GHANA,FIDELITY BANK - ADUM PZ BRANCH,240611
FIDELITY BANK GHANA,FIDELITY BANK GHANA LTD - SUAME MAAKRO BRANCH,240612
FIDELITY BANK GHANA,FIDELITY BANK GHANA LTD - KNUST BRANCH,240613
FIDELITY BANK GHANA,FIDELITY BANK GHANA LTD-SUNYANI POSTBANK BRANCH,240701
FIDELITY BANK GHANA,FIDELITY BANK GHANA LTD-BEREKUM BRANCH,240702
FIDELITY BANK GHANA,FIDELITY BANK - TECHIMAN BRANCH,240703
FIDELITY BANK GHANA,FIDELITY BANK - SUNYANI BRANCH,240704
FIDELITY BANK GHANA,FIDELITY BANK GHANA LTD-TAMALE,240801
FIDELITY BANK GHANA,FIDELITY BANK GHANA LTD-BOLGATANGA POSTBANK BRANCH,240901
FIDELITY BANK GHANA,FIDELITY BANK GHANA LTD - WA BRANCH,241090
BSIC BANK GHANA LTD,BSIC GHANA LTD-ADABRAKA BRANCH,270101
BSIC BANK GHANA,BSIC GHANA LTD-ACCRA CENTRAL BRANCH,270102
BSIC BANK GHANA,BSIC GHANA LTD-SPINTEX BRANCH,270103
BSIC BANK GHANA,BSIC GHANA LTD-NIMA BRANCH,270104
BSIC BANK GHANA,BISC GHANA LTD-NORTH INDUSTRIAL AREA BRANCH,270105
BSIC BANK GHANA,BSIC GHANA LTD-MADINA BRANCH,270106
BSIC BANK GHANA,BSIC GHANA LTD-KUMASI (ALABAR) BRANCH,270602
BSIC BANK GHANA,BSIC GHANA LTD-TAMALE BRANCH,270801
ACCESSBANK GHANA LTD,ACCESS BANK,280100
ACCESSBANK GHANA LTD,ACCESS BANK - HEAD OFFICE BRANCH,280100
ACCESSBANK GHANA LTD,ACCESS BANK - EAST CANTONMENTS BRANCH,280101
ACCESSBANK GHANA LTD,ACCESS BANK - TEMA MAIN BRANCH,280102
ACCESSBANK GHANA LTD,ACCESS BANK - OSU  OXFORD BRANCH,280103
ACCESSBANK GHANA LTD,ACCESS BANK - LASHIBI BRANCH,280104
ACCESSBANK GHANA LTD,ACCESS BANK - OSU WATSON BRANCH,280105
ACCESSBANK GHANA LTD,ACCESS BANK - KANTAMANTO BRANCH,280106
ACCESSBANK GHANA LTD,ACCESS BANK - KANESHIE BRANCH,280107
ACCESSBANK GHANA LTD,ACCESS BANK - CASTLE ROAD BRANCH,280108
ACCESSBANK GHANA LTD,ACCESS BANK -MADINA BRANCH,280109
ACCESSBANK GHANA LTD,ACCESS BANK - SOUTH INDUSTRIAL BRANCH,280110
ACCESSBANK GHANA LTD,ACCESS BANK - NIA BRANCH,280111
ACCESSBANK GHANA LTD,ACCESS BANK - RING ROAD CENTRAL BRANCH,280112
ACCESSBANK GHANA LTD,ACCESS BANK - KANESHIE POST OFFICE BRANCH,280113
ACCESSBANK GHANA LTD,ACCESS BANK - ABEKA LAPAZ BRANCH,280114
ACCESSBANK GHANA LTD,ACCESS BANK - OKAISHIE BRANCH,280115
ACCESSBANK GHANA LTD,ACCESS BANK - ASHAIMAN BRANCH,280116
ACCESSBANK GHANA LTD,ACCESS BANK - IPS BRANCH,280117
ACCESSBANK GHANA LTD,ACCESS BANK - ACHIMOTA BRANCH,280118
ACCESSBANK GHANA LTD,ACCESS BANK - TEMA COMMUNITY 1 BRANCH,280119
ACCESSBANK GHANA LTD,ACCESS BANK - NIMA BRANCH,280120
ACCESSBANK GHANA LTD,ACCESS BANK - TIA BRANCH,280121
ACCESSBANK GHANA LTD,ACCESS BANK - AIRPORT BRANCH,280122
ACCESSBANK GHANA LTD,ACCESS BANK - KASOA BRANCH,280123
ACCESSBANK GHANA LTD,ACCESS BANK - SPINTEX BRANCH,280124
ACCESSBANK GHANA LTD,ACCESS BANK - NEWTOWN BRANCH,280125
ACCESSBANK GHANA LTD,ACCESS BANK - HAATSO BRANCH,280126
ACCESSBANK GHANA LTD,ACCESS BANK - AIRPORT BRANCH,280127
ACCESSBANK GHANA LTD,ACCESS BANK - LEGON BRANCH,280128
ACCESSBANK GHANA LTD,ACCESS - ADJIRIGANOR BRANCH,280129
ACCESSBANK GHANA LTD,ACCESS BANK - OCTAGON ACCRA,280130
ACCESSBANK GHANA LTD,ACCESS BANK - KOFORIDUA BRANCH,280201
ACCESSBANK GHANA LTD,ACCESS BANK - TARKWA BRANCH,280401
ACCESSBANK GHANA LTD,ACCESS BANK - TAKORADI BRANCH,280402
ACCESSBANK GHANA LTD,ACCESS BANK - SEFWI BRANCH,280403
ACCESSBANK GHANA LTD,ACCESS BANK - ENCHI BRANCH,280404
ACCESSBANK GHANA LTD,ACCESS BANK - MARKET CIRCLE TAKORADI BRANCH,280405
ACCESSBANK GHANA LTD,ACCESS BANK - HO BRANCH,280501
ACCESSBANK GHANA LTD,ACCESS BANK - KUMASI ASAFO BRANCH,280601
ACCESSBANK GHANA LTD,ACCESS BANK - ADUM BRANCH,280602
ACCESSBANK GHANA LTD,ACCESS BANK - SUAME BRANCH,280603
ACCESSBANK GHANA LTD,ACCESS BANK - AMAKOM BRANCH,280604
ACCESSBANK GHANA LTD,ACCESS BANK -  ALABAR BRANCH,280605
ACCESSBANK GHANA LTD,ACCESS BANK  - KNUST BRANCH,280606
ACCESSBANK GHANA LTD,ACCESS BANK - KEJETIA BRANCH,280607
ACCESSBANK GHANA LTD,ACCESS BANK - TECHIMAN BRANCH,280701
ACCESSBANK GHANA LTD,ACCESS BANK - TAMALE BRANCH,280801
ACCESSBANK GHANA LTD,ACCESS BANK - BOLGATANGA BRANCH,280901
ACCESSBANK GHANA LTD,ACCESS BANK -  WA  BRANCH,281001
FIRST NATIONAL BANK,FIRST NATIONAL BANK,330100
FIRST NATIONAL BANK,FIRST NATIONAL BANK - JUNCTION SHOPPING CENTRE BRANCH,330101
FIRST NATIONAL BANK,FIRST NATIONAL BANK - ACCRA BRANCH,330102
FIRST NATIONAL BANK,FIRST NATIONAL BANK - ACCRA MALL BRANCH,330106
FIRST NATIONAL BANK,FIRST NATIONAL BANK - ACHIMOTA MALL BRANCH,330107
FIRST NATIONAL BANK,FIRST NATIONAL BANK - WEST HILLS MALL BRANCH,330108
FIRST NATIONAL BANK,FIRST NATIONAL BANK - MAKOLA BRANCH,330111
FIRST NATIONAL BANK,FIRST NATIONAL BANK  - TEMA BRANCH,330112
CONSOLIDATED BANK GHANA,CONSOLIDATED BANK GHANA - HEAD OFFICE BRANCH,340100
CONSOLIDATED BANK GHANA,CONSOLIDATED BANK GHANA -AIRPORT CITY BRANCH,340101
CONSOLIDATED BANK GHANA,CONSOLIDATED BANK GHANA -RIDGE BRANCH,340102
CONSOLIDATED BANK GHANA,CONSOLIDATED BANK GHANA -TUDU BRANCH,340103
CONSOLIDATED BANK GHANA,CONSOLIDATED BANK GHANA -TEMA COMM 1 BRANCH,340104
CONSOLIDATED BANK GHANA,CONSOLIDATED BANK GHANA - MANET TOWER 3 BRANCH,340105
CONSOLIDATED BANK GHANA,CONSOLIDATED BANK GHANA -MAKOLA BRANCH,340106
CONSOLIDATED BANK GHANA,CONSOLIDATED BANK GHANA - ARENA BRANCH,340107
CONSOLIDATED BANK GHANA,CONSOLIDATED BANK GHANA -KOKOMLEMLE BRANCH,340108
CONSOLIDATED BANK GHANA,CONSOLIDATED BANK GHANA -ACHIMOTA BRANCH,340109
CONSOLIDATED BANK GHANA,CONSOLIDATED BANK GHANA -ADABRAKAH BRANCH,340110
CONSOLIDATED BANK GHANA,CONSOLIDATED BANK GHANA -ADENTA BRANCH,340111
CONSOLIDATED BANK GHANA,CONSOLIDATED BANK GHANA -SPINTEX BRANCH,340112
CONSOLIDATED BANK GHANA,CONSOLIDATED BANK GHANA -AMERICAN HOUSE BRANCH,340113
CONSOLIDATED BANK GHANA,CONSOLIDATED BANK GHANA -ANYAA MARKET BRANCH,340114
CONSOLIDATED BANK GHANA,CONSOLIDATED BANK GHANA -APENKWA BRANCH,340115
CONSOLIDATED BANK GHANA,CONSOLIDATED BANK GHANA -ASHAIMAN ROUND ABOUT BRANCH,340116
CONSOLIDATED BANK GHANA,CONSOLIDATED BANK GHANA -ASHAIMAN MAIN BRANCH,340117
CONSOLIDATED BANK GHANA,CONSOLIDATED BANK GHANA -ASHALLEY BOTWE BRANCH,340118
CONSOLIDATED BANK GHANA,CONSOLIDATED BANK GHANA -ASHIYEA BRANCH,340119
CONSOLIDATED BANK GHANA,CONSOLIDATED BANK GHANA -ATOMIC JUNCTION BRANCH,340120
CONSOLIDATED BANK GHANA,CONSOLIDATED BANK GHANA -ATOMIC BRANCH,340121
CONSOLIDATED BANK GHANA,CONSOLIDATED BANK GHANA -DANSOMAN ROUND-ABOUT BRANCH,340122
CONSOLIDATED BANK GHANA,CONSOLIDATED BANK GHANA -DANSOMAN EXHIBITION BRANCH,340123
CONSOLIDATED BANK GHANA,CONSOLIDATED BANK GHANA -RUSSIA ROAD BRANCH,340124
CONSOLIDATED BANK GHANA,CONSOLIDATED BANK GHANA -DARKUMAN BRANCH,340125
CONSOLIDATED BANK GHANA,CONSOLIDATED BANK GHANA -DOME BRANCH,340126
CONSOLIDATED BANK GHANA,CONSOLIDATED BANK GHANA -DZORWULU BRANCH,340127
CONSOLIDATED BANK GHANA,CONSOLIDATED BANK GHANA -EAST LEGON BRANCH,340128
CONSOLIDATED BANK GHANA,CONSOLIDATED BANK GHANA -GIMPA BRANCH,340129
CONSOLIDATED BANK GHANA,CONSOLIDATED BANK GHANA -KANESHIR BRANCH,340130
CONSOLIDATED BANK GHANA,CONSOLIDATED BANK GHANA -KASOA MAIN BRANCH,340131
CONSOLIDATED BANK GHANA,CONSOLIDATED BANK GHANA - KASOA NEW MARKET,340132
CONSOLIDATED BANK GHANA,CONSOLIDATED BANK GHANA -KORLE- BU BRANCH,340133
CONSOLIDATED BANK GHANA,CONSOLIDATED BANK GHANA -KORLE DUDOR BRANCH,340134
CONSOLIDATED BANK GHANA,CONSOLIDATED BANK GHANA -KWABENYA BRANCH,340135
CONSOLIDATED BANK GHANA,CONSOLIDATED BANK GHANA -LABONE BRANCH,340136
CONSOLIDATED BANK GHANA,CONSOLIDATED BANK GHANA -LAPAZ BRANCH,340137
CONSOLIDATED BANK GHANA,CONSOLIDATED BANK GHANA -MADINA MAIN BRANCH,340138
CONSOLIDATED BANK GHANA,CONSOLIDATED BANK GHANA -MADINA NEW ROAD BRANCH,340139
CONSOLIDATED BANK GHANA,CONSOLIDATED BANK GHANA -MALLAM JUNCTION BRANCH,340140
CONSOLIDATED BANK GHANA,CONSOLIDATED BANK GHANA -PIG FARM BRANCH,340141
CONSOLIDATED BANK GHANA,CONSOLIDATED BANK GHANA -MAMOBI BRANCH,340142
CONSOLIDATED BANK GHANA,CONSOLIDATED BANK GHANA -NIMA MAIN BRANCH,340143
CONSOLIDATED BANK GHANA,CONSOLIDATED BANK GHANA -MERIDIAN BRANCH,340144
CONSOLIDATED BANK GHANA,CONSOLIDATED BANK GHANA -NORTH INDUSTRIAL AREA BRANCH,340145
CONSOLIDATED BANK GHANA,CONSOLIDATED BANK GHANA -CASTLE ROAD BRANCH,340146
CONSOLIDATED BANK GHANA,CONSOLIDATED BANK GHANA -OXFORD STREET BRANCH,340147
CONSOLIDATED BANK GHANA,CONSOLIDATED BANK GHANA -POKUASE BRANCH,340148
CONSOLIDATED BANK GHANA,CONSOLIDATED BANK GHANA -ABBOSSEY-OKAI BRANCH,340149
CONSOLIDATED BANK GHANA,CONSOLIDATED BANK GHANA - SHIPPERS HOUSE BRANCH,340150
CONSOLIDATED BANK GHANA,CONSOLIDATED BANK GHANA -SAKUMONO BRANCH,340151
CONSOLIDATED BANK GHANA,CONSOLIDATED BANK GHANA -SOUTH LEGON BRANCH,340152
CONSOLIDATED BANK GHANA,CONSOLIDATED BANK GHANA -EAST AIRPORT BRANCH,340153
CONSOLIDATED BANK GHANA,CONSOLIDATED BANK GHANA -BAATSONA BRANCH,340154
CONSOLIDATED BANK GHANA,CONSOLIDATED BANK GHANA -OPERA SQUARE BRANCH,340155
CONSOLIDATED BANK GHANA,CONSOLIDATED BANK GHANA -TEMA COMM 2 BRANCH,340156
CONSOLIDATED BANK GHANA,CONSOLIDATED BANK GHANA -TEMA COMM 25 BRANCH,340157
CONSOLIDATED BANK GHANA,CONSOLIDATED BANK GHANA -TESANO BRANCH,340158
CONSOLIDATED BANK GHANA,CONSOLIDATED BANK GHANA -TESHIE BRANCH,340159
CONSOLIDATED BANK GHANA,CONSOLIDATED BANK GHANA -TRADE FAIR BRANCH,340160
CONSOLIDATED BANK GHANA,CONSOLIDATED BANK GHANA -ABEKA BRANCH,340161
CONSOLIDATED BANK GHANA,CONSOLIDATED BANK GHANA -UNIVERSITY OF GHANA BRANCH,340162
CONSOLIDATED BANK GHANA,CONSOLIDATED BANK GHANA -WEIJA BRANCH,340163
CONSOLIDATED BANK GHANA,CONSOLIDATED BANK GHANA -WISCONSIN BRANCH,340164
CONSOLIDATED BANK GHANA,CONSOLIDATED BANK GHANA -ZENU BRANCH,340165
CONSOLIDATED BANK GHANA,CONSOLIDATED BANK GHANA -ACCRA BRANCH,340166
CONSOLIDATED BANK GHANA,CONSOLIDATED BANK GHANA -GOLDENLINK SAVINGS AND LOANS,340191
CONSOLIDATED BANK GHANA,CONSOLIDATED BANK GHANA -PROGRESS SAVINGS AND LOANS,340197
CONSOLIDATED BANK GHANA,CONSOLIDATED BANK GHANA -BEST POINT SAVINGS AND LOANS,340198
CONSOLIDATED BANK GHANA,CONSOLIDATED BANK GHANA -ABETIFI BRANCH,340201
CONSOLIDATED BANK GHANA,CONSOLIDATED BANK GHANA -KOFORIDUA BRANCH,340202
CONSOLIDATED BANK GHANA,CONSOLIDATED BANK GHANA -MAMFE BRANCH,340203
CONSOLIDATED BANK GHANA,CONSOLIDATED BANK GHANA -NEW ABIREM BRANCH,340204
CONSOLIDATED BANK GHANA,CONSOLIDATED BANK GHANA -UNIVERSITY OF CAPE COAST BRANCH,340301
CONSOLIDATED BANK GHANA,CONSOLIDATED BANK GHANA -DUNKWAW-ON OFFIN BRANCH,340302
CONSOLIDATED BANK GHANA,CONSOLIDATED BANK GHANA -SWEDRU BRANCH,340303
CONSOLIDATED BANK GHANA,CONSOLIDATED BANK GHANA -WINNEBA BRANCH,340304
CONSOLIDATED BANK GHANA,CONSOLIDATED BANK GHANA -ASAWINSO BRANCH,340401
CONSOLIDATED BANK GHANA,CONSOLIDATED BANK GHANA -AXIM ROAD BRANCH,340402
CONSOLIDATED BANK GHANA,CONSOLIDATED BANK GHANA -MARKET CIRCLE BRANCH,340403
CONSOLIDATED BANK GHANA,CONSOLIDATED BANK GHANA -TARKWA BRANCH,340404
CONSOLIDATED BANK GHANA,CONSOLIDATED BANK GHANA -HO BRANCH,340501
CONSOLIDATED BANK GHANA,CONSOLIDATED BANK GHANA -ADUM BRANCH,340601
CONSOLIDATED BANK GHANA,CONSOLIDATED BANK GHANA -AFFUL NKWANTA BRANCH,340602
CONSOLIDATED BANK GHANA,CONSOLIDATED BANK GHANA -AHODWO BRANCH,340603
CONSOLIDATED BANK GHANA,CONSOLIDATED BANK GHANA -ALABAR BRANCH,340604
CONSOLIDATED BANK GHANA,CONSOLIDATED BANK GHANA -ASAFO BRANCH,340605
CONSOLIDATED BANK GHANA,CONSOLIDATED BANK GHANA -MAAKRO BRANCH,340606
CONSOLIDATED BANK GHANA,CONSOLIDATED BANK GHANA -ASOKWA BRANCH,340607
CONSOLIDATED BANK GHANA,CONSOLIDATED BANK GHANA -ATONSU BRANCH,340608
CONSOLIDATED BANK GHANA,CONSOLIDATED BANK GHANA -BANTAMA BRANCH,340609
CONSOLIDATED BANK GHANA,CONSOLIDATED BANK GHANA -EJISU BRANCH,340610
CONSOLIDATED BANK GHANA,CONSOLIDATED BANK GHANA -HARPER ROAD BRANCH,340611
CONSOLIDATED BANK GHANA,CONSOLIDATED BANK GHANA - KEJETIA BRANCH,340612
CONSOLIDATED BANK GHANA,CONSOLIDATED BANK GHANA -KNUST BRANCH,340613
CONSOLIDATED BANK GHANA,CONSOLIDATED BANK GHANA -NHYIAESO BRANCH,340614
CONSOLIDATED BANK GHANA,CONSOLIDATED BANK GHANA -ROMAN HILL BRANCH,340615
CONSOLIDATED BANK GHANA,CONSOLIDATED BANK GHANA -SOKOBAN BRANCH,340616
CONSOLIDATED BANK GHANA,CONSOLIDATED BANK GHANA -ASHTOWN BRANCH,340617
CONSOLIDATED BANK GHANA,CONSOLIDATED BANK GHANA -SUAME BRANCH,340618
CONSOLIDATED BANK GHANA,CONSOLIDATED BANK GHANA -TAFO BRANCH,340619
CONSOLIDATED BANK GHANA,CONSOLIDATED BANK GHANA - ROMAN HILL MARKET BRANCH,340620
CONSOLIDATED BANK GHANA,CONSOLIDATED BANK GHANA -KRONUM BRANCH,340621
CONSOLIDATED BANK GHANA,CONSOLIDATED BANK GHANA - ABUAKWA BRANCH,340622
CONSOLIDATED BANK GHANA,CONSOLIDATED BANK GHANA - SUNYANI MAIN BRANCH,340701
CONSOLIDATED BANK GHANA,CONSOLIDATED BANK GHANA -SUNYANI POST OFFICE BRANCH,340702
CONSOLIDATED BANK GHANA,CONSOLIDATED BANK GHANA -TECHIMAN MARKET BRANCH,340703
CONSOLIDATED BANK GHANA,CONSOLIDATED BANK GHANA - TECHIMAN WENCHI ROAD BRANCH,340704
CONSOLIDATED BANK GHANA,CONSOLIDATED BANK GHANA -TECHIMAN VALLEY VIEW BRANCH,340705
CONSOLIDATED BANK GHANA,CONSOLIDATED BANK GHANA - TAMALE MAIN BRANCH,340801
CONSOLIDATED BANK GHANA,CONSOLIDATED BANK GHANA -TAMALE ABOABO BRANCH,340802
CONSOLIDATED BANK GHANA,CONSOLIDATED BANK GHANA - TAMALE HOSPITAL ROAD BRANCH,340803
CONSOLIDATED BANK GHANA,CONSOLIDATED BANK GHANA -BOLE BRANCH,340804
CONSOLIDATED BANK GHANA,CONSOLIDATED BANK GHANA - BAWKU BRANCH,340901
CONSOLIDATED BANK GHANA,CONSOLIDATED BANK GHANA -BOLGA POLICE STATION ROAD BRANCH,340902
CONSOLIDATED BANK GHANA,CONSOLIDATED BANK GHANA -BOLGA COMMERCIAL ROAD BRANCH,340903
CONSOLIDATED BANK GHANA,CONSOLIDATED BANK GHANA -WA BRANCH,341001
OMNI BANK GHANA LTD,OMNI BANK GHANA LTD - HEAD OFFICE BRANCH,360101
OMNI BANK GHANA LTD,OMNI BANK GHANA LTD - ABOSSEY OKAI BRANCH,360102
OMNI BANK GHANA LTD,OMNI BANK GHANA LTD - ASHAIMAN BRANCH,360103
OMNI BANK GHANA LTD,OMNI BANK GHANA LTD - DZORWULU BRANCH,360104
OMNI BANK GHANA LTD,OMNI BANK GHANA LTD - DOME BRANCH,360105
OMNI BANK GHANA LTD,OMNI BANK GHANA LTD - NMAI DJORN BRANCH,360106
OMNI BANK GHANA LTD,OMNI BANK GHANA LTD - TEMA COMM 1 BRANCH,360107
OMNI BANK GHANA LTD,OMNI BANK GHANA LTD- KOKOMLEMLE BRANCH,360108
OMNI BANK GHANA LTD,OMNI BANK GHANA LTD - MADINA BRANCH,360109
OMNI BANK GHANA LTD,OMNI BANK GHANA LTD - TUDU BRANCH,360110
OMNI BANK GHANA LTD,OMNI BANK GHANA LTD - SPINTEX BRANCH,360111
OMNI BANK GHANA LTD,OMNI BANK GHANA LTD - OSU BRANCH,360112
OMNI BANK GHANA LTD,OMNI BANK GHANA LTD - WEIJA BRANCH,360113
OMNI BANK GHANA LTD,OMNI BANK GHANA LTD- EAST LEGON BRANCH,360114
OMNI BANK GHANA LTD,OMNI BANK GHANA LTD - TEMA COMM 2 BRANCH,360115
OMNI BANK GHANA LTD,OMNI BANK GHANA LTD - KOFORIDUA BRANCH,360201
OMNI BANK GHANA LTD,OMNI BANK GHANA LTD - KASOA BRANCH,360301
OMNI BANK GHANA LTD,OMNI BANK GHANA LTD -  TAKORADI BRANCH,360401
OMNI BANK GHANA LTD,OMNI BANK GHANA LTD - TARKWA BRANCH,360402
OMNI BANK GHANA LTD,OMNI BANK GHANA LTD- MANHYIA BRANCH,360601
OMNI BANK GHANA LTD,OMNI BANK GHANA LTD - KUMASI CENTRAL MARKET BRANCH,360602
OMNI BANK GHANA LTD,OMNI BANK GHANA LTD - KEJETIA BRANCH,360603
OMNI BANK GHANA LTD,OMNI BANK GHANA LTD - ANLOGA BRANCH,360604
OMNI BANK GHANA LTD,OMNI BANK GHANA LTD - KRONUM BRANCH,360605
OMNI BANK GHANA LTD,OMNI BANK GHANA LTD - ADUM BRANCH,360606
